wavelength[nm],transmittance
519.201,0.00872536735425409
519.574,0.00872536735425409
519.947,0.00872536735425409
520.319,0.17226442705969486
520.692,-2.685528694239494
521.064,-0.7241264050741376
521.436,0.9661994143339494
521.809,0.7979066939685575
522.181,2.9926011472908924
522.553,36.28733566442643
522.925,13.405490188976225
523.297,1.1030826191092606
523.67,1.2796824281265646
524.042,-0.46773561581486506
524.413,-1.328322456407675
524.785,-0.28299017330478
525.157,-0.5473522400094301
525.529,-0.6865425692603058
525.901,-0.6424972933123799
526.273,-0.9846213772575252
526.644,-18.047038327090952
527.016,-0.3935248878866734
527.387,-1.2787942917996549
527.759,0.1012779572997711
528.13,0.09837450781377746
528.502,0.09856010131727819
528.873,0.09784937678928124
529.244,0.0979757932436458
529.615,0.09808212008770612
529.987,0.09795919631343292
530.358,0.0984024658325839
530.729,0.09803319395829044
531.1,0.0980386593601818
531.471,0.09796281683082855
531.842,0.09795021155642536
532.212,0.09775893121990928
532.583,0.09770097488925983
532.954,0.09770592511166329
533.325,0.09766756975074813
533.695,0.09750926386355059
534.066,0.09775063724535889
534.437,0.09745757618878487
534.807,0.09790225265132434
535.177,0.09757365862191392
535.548,0.09731543082969375
535.918,0.09751381953719605
536.288,0.0972042631814349
536.659,0.09708053547518501
537.029,0.09716770847397635
537.399,0.09729125208357339
537.769,0.09721512784878669
538.139,0.09698453478623406
538.509,0.09690348591339819
538.879,0.0968389726861994
539.249,0.09682038614346114
539.619,0.096939825325923
539.988,0.0966023796469226
540.358,0.09688585892560012
540.728,0.09664855693317866
541.097,0.09666087852925298
541.467,0.09642637953059155
541.836,0.09640186026515993
542.206,0.09631071760529777
542.575,0.09655940673237479
542.944,0.09648392850780227
543.314,0.0960548442909449
543.683,0.09615427093213333
544.052,0.09621345083801328
544.421,0.0961908777777582
544.79,0.0960899321067529
545.159,0.09614940405245764
545.528,0.09633940748813824
545.897,0.09586431940066821
546.266,0.09566596632963333
546.635,0.0955323369180333
547.004,0.0957335000562078
547.372,0.09570781971827906
547.741,0.09556972597954816
548.11,0.09538774103823174
548.478,0.09551545293813554
548.847,0.09501386628612087
549.215,0.0953397779049657
549.583,0.09578226082513368
549.952,0.09525311042839747
550.32,0.09608376464045967
550.688,0.09502261995926423
551.056,0.0953018739738424
551.425,0.09518681784061263
551.793,0.09502705023842246
552.161,0.09480102829605475
552.529,0.09502288520405364
552.897,0.09488483916874284
553.264,0.09492273904910097
553.632,0.09499871605437385
554.0,0.0945859668798839
554.368,0.09475103683791554
554.735,0.09463062283153255
555.103,0.09468799916516506
555.47,0.09456170462337223
555.838,0.09460545274758365
556.205,0.09448216670743079
556.573,0.09455911788796408
556.94,0.09431395644872353
557.307,0.0944132341620152
557.675,0.09425091920818762
558.042,0.09424129146610224
558.409,0.0943399843314148
558.776,0.09429700618423655
559.143,0.09406689907663478
559.51,0.09380288629691758
559.877,0.09407134315819268
560.244,0.09423356549706648
560.611,0.09388040027347998
560.977,0.09369338537427173
561.344,0.09391175798407123
561.711,0.09371587211120458
562.077,0.0937137586595613
562.444,0.09383560055476226
562.81,0.09396488233924344
563.177,0.09377179223199449
563.543,0.09357087265437228
563.909,0.09360405373018581
564.276,0.09357829558070359
564.642,0.0933546370583162
565.008,0.09337523008225132
565.374,0.09353453439726211
565.74,0.09361201891844331
566.106,0.09334787703692674
566.472,0.093175472531725
566.838,0.0933532225219242
567.204,0.09326841313642492
567.57,0.09299702161039416
567.936,0.09280721725545955
568.301,0.09306528215294672
568.667,0.09287101923487996
569.033,0.09291410008194045
569.398,0.09293455660723508
569.764,0.09293950608550727
570.129,0.09275280631181464
570.495,0.09273068573171854
570.86,0.09259281229962696
571.225,0.09292193668020861
571.59,0.0926367821320563
571.956,0.09261511052546023
572.321,0.09265495370821386
572.686,0.09225042916058025
573.051,0.09251887176034036
573.416,0.09212647068029742
573.781,0.09234479910665364
574.146,0.09243162561929312
574.51,0.09228983879892348
574.875,0.09218950595839104
575.24,0.09217342881904508
575.604,0.09189820493629292
575.969,0.09186757029297697
576.334,0.09209431049715022
576.698,0.09193176897546396
577.063,0.09208248551073803
577.427,0.09191223623845433
577.791,0.09170860185379107
578.156,0.09171888781011657
578.52,0.09171859682046628
578.884,0.09168468919237732
579.248,0.09167214165042392
579.612,0.09165434846423948
579.976,0.09163668727062045
580.34,0.09142470077948395
580.704,0.09148811870049445
581.068,0.09152529274116833
581.432,0.09159721617863265
581.796,0.09138872397121509
582.159,0.09183887315039235
582.523,0.09161955686394707
582.886,0.0916747315407752
583.25,0.09097331497238668
583.614,0.09113547314305062
583.977,0.09102089201653495
584.34,0.09123690297957607
584.704,0.09106280080768353
585.067,0.09094794494083665
585.43,0.09099781188853608
585.793,0.09092601587189583
586.157,0.09081644411080343
586.52,0.09087368821246963
586.883,0.09100880314776326
587.246,0.0908556015555824
587.609,0.09095120384395532
587.971,0.09067036672695798
588.334,0.09066866916623763
588.697,0.09083935669413021
589.06,0.0905910578072604
589.422,0.09052782788143666
589.785,0.09051944858800098
590.148,0.09040973961447159
590.51,0.0903124805092729
590.872,0.09045298402129458
591.235,0.09038266920315846
591.597,0.09044735059214203
591.959,0.09057561279752549
592.322,0.09044369705655442
592.684,0.09018536580963728
593.046,0.09011958805150314
593.408,0.08987816214228396
593.77,0.0898958181806387
594.132,0.08998927745829177
594.494,0.08975828737654575
594.856,0.08992865774255307
595.218,0.0898518205708087
595.579,0.0896177308452552
595.941,0.0897024220239937
596.303,0.08964030055116286
596.664,0.0898409313406051
597.026,0.08963777115557267
597.388,0.08954176850943707
597.749,0.08948867458265108
598.11,0.08945761308198813
598.472,0.08934175105816781
598.833,0.08937845660448325
599.194,0.08942767274071191
599.555,0.08919602454719333
599.917,0.08930093904844784
600.278,0.08928915739036146
600.639,0.08918132369075814
601.0,0.08921590883051767
601.361,0.08904935686616638
601.721,0.0890189325139372
602.082,0.08904377430447007
602.443,0.0889339509669992
602.804,0.08896093226515872
603.164,0.08930817148109568
603.525,0.08904473750728086
603.886,0.08868993269469536
604.246,0.0886901976902253
604.607,0.08858890235628226
604.967,0.0885633702847003
605.327,0.08868987141377467
605.688,0.08846168390985709
606.048,0.08873308696770722
606.408,0.08855097132347561
606.768,0.08854864838281803
607.128,0.08862652162691342
607.488,0.08862973418562646
607.848,0.08842164304374106
608.208,0.08811163343327638
608.568,0.08822222030910418
608.928,0.08824612002452284
609.288,0.08810826969501487
609.647,0.08826522314727936
610.007,0.08804698315984177
610.367,0.08810651127976546
610.726,0.0878548693091262
611.086,0.08790635895865453
611.445,0.08795383507244396
611.804,0.08787520380779461
612.164,0.08792621864320165
612.523,0.0880684245968522
612.882,0.08774484696159812
613.242,0.08769410461160207
613.601,0.08790915973985694
613.96,0.08773654960479321
614.319,0.08758026363434314
614.678,0.0875923711480846
615.037,0.08763357732908421
615.396,0.08753631912265193
615.754,0.08753552407375936
616.113,0.08750808097228813
616.472,0.08728458779546586
616.831,0.08731297986386785
617.189,0.08741432297295289
617.548,0.08742071922438988
617.906,0.08727526156991122
618.265,0.0873650685937382
618.623,0.08750111040261545
618.981,0.08736188302166444
619.34,0.0869760563956224
619.698,0.0872053931827646
620.056,0.08706581974439478
620.414,0.08702958181044831
620.772,0.08675777011965644
621.13,0.08693872846806153
621.488,0.08692632595321433
621.846,0.08672232584797135
622.204,0.0867866732446239
622.562,0.08670780333824986
622.92,0.08672183895907652
623.277,0.08669895552003867
623.635,0.0866191705785735
623.993,0.08669404550776284
624.35,0.0866242621836013
624.708,0.08646297920488138
625.065,0.08671008241856908
625.423,0.08646049886110027
625.78,0.0865517316288672
626.137,0.0863968589796711
626.495,0.08632280755817312
626.852,0.0862901514575238
627.209,0.08617372533867844
627.566,0.08633163849296525
627.923,0.08603064873850357
628.28,0.08604138946134157
628.637,0.08618727490139884
628.994,0.08609945779468048
629.351,0.08602238090360366
629.707,0.08591632385200101
630.064,0.0860160675697536
630.421,0.08594469886961878
630.777,0.08579898241650058
631.134,0.08605303044939276
631.49,0.08581048091384001
631.847,0.08567140340190463
632.203,0.08569114697800946
632.56,0.08558505506064873
632.916,0.08577047998525192
633.272,0.08558103281253812
633.628,0.08576848845820274
633.985,0.08576576589069979
634.341,0.08561932269998117
634.697,0.08556945472168355
635.053,0.08546625491792913
635.409,0.08542265369022735
635.764,0.08529036355089731
636.12,0.08534035039248287
636.476,0.08517220628998862
636.832,0.08518301385516383
637.187,0.0853744728214863
637.543,0.0856561787605874
637.899,0.08520572246816249
638.254,0.08524844836410334
638.61,0.08502384051275105
638.965,0.08514627221511817
639.32,0.0850828125870938
639.676,0.08497223900613876
640.031,0.08503281550256106
640.386,0.0848764851694481
640.741,0.08488615992286858
641.096,0.08477805068894019
641.451,0.08484261046965842
641.806,0.08471471534766056
642.161,0.08487805543643313
642.516,0.08484515240247788
642.871,0.08480995757221539
643.226,0.08478579430886915
643.58,0.08474104282716997
643.935,0.08443332273125878
644.29,0.08452655119332486
644.644,0.08460348652695472
644.999,0.0845508795520052
645.353,0.08446247278774667
645.708,0.08440124118800466
646.062,0.08420695188753038
646.416,0.0844977026151223
646.771,0.08427412381099471
647.125,0.08435524353539448
647.479,0.0843798623808957
647.833,0.08442165799964158
648.187,0.08430954364305132
648.541,0.08427939828864944
648.895,0.08403133743037265
649.249,0.08417498012708442
649.603,0.0840410541743229
649.956,0.08401457411041732
650.31,0.0840475798225193
650.664,0.08395799987010273
651.017,0.0839915484507189
651.371,0.08400122009395593
651.725,0.08389555988483917
652.078,0.08379101216769791
652.431,0.08391026232955232
652.785,0.08377455022957037
653.138,0.08368509481095973
653.491,0.08373391751172078
653.845,0.08377540262658963
654.198,0.08360678418129068
654.551,0.08348193679153784
654.904,0.0835666539166762
655.257,0.08366886347755262
655.61,0.0834898595995501
655.963,0.08348115902448298
656.315,0.08339846540303451
656.668,0.08343299693273891
657.021,0.08360418281546009
657.374,0.08358220924047842
657.726,0.08329891491401256
658.079,0.0832840830628739
658.431,0.08311291851949042
658.784,0.08327041961615365
659.136,0.08328397305125636
659.489,0.08321869108509004
659.841,0.08301145792342011
660.193,0.0831300283335718
660.545,0.08302480381817448
660.897,0.08310753647238386
661.25,0.08316006600061612
661.602,0.08289692105980648
661.954,0.08286288363989072
662.305,0.08282552500237184
662.657,0.08296818013525852
663.009,0.08293023586636426
663.361,0.08275194737481414
663.713,0.08278600315200713
664.064,0.08280364078768199
664.416,0.08270956110472683
664.768,0.08270021666699624
665.119,0.08263340413924039
665.471,0.08276032106412538
665.822,0.0828349056977465
666.173,0.08253098177251918
666.525,0.08258194886800681
666.876,0.0826493854229298
667.227,0.08245802559621371
667.578,0.08246832994306016
667.929,0.08250088214004944
668.28,0.08245130303388422
668.631,0.08244438709081774
668.982,0.08248990652020231
669.333,0.08232793374892489
669.684,0.08238530324842673
670.035,0.08245423370199324
670.386,0.08220469978450624
670.736,0.08226788949210365
671.087,0.08208733631539925
671.437,0.0822693327437825
671.788,0.08225946912603925
672.138,0.08210876586487278
672.489,0.08221258011307944
672.839,0.08222178195007356
673.189,0.08199196900310768
673.54,0.08207492549906276
673.89,0.08196599291660282
674.24,0.08209443514560165
674.59,0.08201511226323836
674.94,0.08180030703253836
675.29,0.0818050480950778
675.64,0.0817166256742788
675.99,0.08178163346592458
676.34,0.0818575660246457
676.69,0.08165746560487538
677.039,0.08175542241829158
677.389,0.0817903424042496
677.739,0.08164090597770297
678.088,0.08167019861412506
678.438,0.0817248474931791
678.787,0.0815477874975555
679.137,0.08154854806719779
679.486,0.08167895384756763
679.835,0.08157303887041335
680.185,0.08159005926136684
680.534,0.08140813734191965
680.883,0.0815222385255126
681.232,0.08147382444469803
681.581,0.0813890200262875
681.93,0.08127460137805304
682.279,0.081429223469913
682.628,0.08129824261825068
682.977,0.08139632270120457
683.325,0.08140093745363118
683.674,0.08117374242546109
684.023,0.08125184197575301
684.372,0.08129780229529088
684.72,0.08107766112205061
685.069,0.08129876825177826
685.417,0.08102558182610962
685.765,0.08123468893074585
686.114,0.08109774478682537
686.462,0.08103814360829817
686.81,0.08102234832831785
687.159,0.08098475974513808
687.507,0.08087152456558067
687.855,0.08087579307526951
688.203,0.08102260971740893
688.551,0.08089736172974134
688.899,0.08083983685443201
689.247,0.08097910065468024
689.595,0.08082236311990992
689.942,0.08100598543988416
690.29,0.08072859357532097
690.638,0.0808448912888435
690.985,0.08074204032237968
691.333,0.08060738793060021
691.681,0.08072041952499051
692.028,0.08061562350153165
692.375,0.0806529269707567
692.723,0.08068371653358518
693.07,0.08049503130363352
693.417,0.08057796657364866
693.765,0.08031107565982293
694.112,0.08047022560688925
694.459,0.0803584672186172
694.806,0.08035834294870568
695.153,0.0803023432965877
695.5,0.08046664359271567
695.847,0.08037737816465806
696.194,0.08035089689840016
696.54,0.08037238611157076
696.887,0.08029819626107787
697.234,0.08012547369595184
697.58,0.08036139020166709
697.927,0.08019901837560191
698.273,0.0802070779237619
698.62,0.08028158605886555
698.966,0.08008268927716879
699.313,0.08006431701809101
699.659,0.0802706631452322
700.005,0.08000317861959094
700.351,0.08010710714785665
700.698,0.07996985701863522
701.044,0.07989640670265857
701.39,0.0800652208119463
701.736,0.08002531195622754
702.082,0.07988439158024799
702.428,0.07995785774442705
702.773,0.07986595671525006
703.119,0.07993833736733101
703.465,0.08016209746303271
703.811,0.07988396709731303
704.156,0.07976778272410005
704.502,0.07989629011358634
704.847,0.07977044549898107
705.193,0.08005931238940482
705.538,0.07966207940484452
705.884,0.07995379178202253
706.229,0.07977939941207031
706.574,0.07972953726957001
706.919,0.07972278429045464
707.265,0.07955687237079587
707.61,0.07958239079186205
707.955,0.0796230120456956
708.3,0.07956099071767904
708.645,0.07945971810565243
708.99,0.0795821115449469
709.334,0.07964411019983791
709.679,0.07948059746756804
710.024,0.07965485522499495
710.369,0.07962029357247098
710.713,0.07950898497711521
711.058,0.07941881070988203
711.402,0.07965669756491764
711.747,0.07944352157029341
712.091,0.07947942993964145
712.436,0.07943855405358934
712.78,0.07931989769395795
713.124,0.0792827471701097
713.468,0.07933683411302156
713.813,0.07937428851037305
714.157,0.0792517786163124
714.501,0.07920756858804244
714.845,0.07927552284083787
715.189,0.07920173982030392
715.533,0.07917954519857552
715.876,0.07915947341810324
716.22,0.07912150364468108
716.564,0.0791798168025931
716.908,0.07916419258122051
717.251,0.07918934281067146
717.595,0.07899443483144111
717.938,0.07896227612692672
718.282,0.07923184716060844
718.625,0.07898992976654969
718.969,0.07890365696445864
719.312,0.07903321184365848
719.655,0.07909349317372057
719.998,0.07895142142273025
720.342,0.07876950735351762
720.685,0.07922048191957629
721.028,0.0790126382099857
721.371,0.07898974572560365
721.714,0.0788018352836569
722.057,0.07882531252844299
722.399,0.0786879040584762
722.742,0.07878549281467653
723.085,0.07868583162384335
723.428,0.07861443192113429
723.77,0.07878641700448902
724.113,0.07867014727889605
724.455,0.078811803093636
724.798,0.07879070540853171
725.14,0.07869040248066089
725.483,0.07872993244091768
725.825,0.07859633828972648
726.167,0.07857235960646067
726.509,0.07853959788828205
726.852,0.07859258658399298
727.194,0.07881997792242981
727.536,0.07856369612128189
727.878,0.07870994648920653
728.22,0.07853654349381976
728.562,0.07870911248536483
728.903,0.07845975242704141
729.245,0.07835202733619365
729.587,0.07855562638333209
729.929,0.07827381618522641
730.27,0.07829029055144833
730.612,0.0785718074351082
730.953,0.07830256113283049
731.295,0.07844629632158896
731.636,0.07821157756982973
731.978,0.07824035243280562
732.319,0.07861818931588102
732.66,0.07822411807060665
733.002,0.07846661364968789
733.343,0.07827883334641986
733.684,0.0783702843007585
734.025,0.07846802534820996
734.366,0.07833177685875281
734.707,0.07831149187873425
735.048,0.07810773561963988
735.389,0.0782102652311039
735.729,0.07829112519794086
736.07,0.07809614736899666
736.411,0.07803331112699005
736.751,0.0782230508480046
737.092,0.07813051504387834
737.433,0.07801604652059575
737.773,0.07805381310287896
738.113,0.07796753946530258
738.454,0.07809303980020704
738.794,0.07806519289193664
739.134,0.07807908479400925
739.475,0.07821212141652356
739.815,0.0782271473804926
740.155,0.07810767909934344
740.495,0.07801921239466068
740.835,0.07810856570363711
741.175,0.07811859485797555
741.515,0.0777448959087474
741.855,0.07797459733713415
742.194,0.07777859393975853
742.534,0.0777916126219663
742.874,0.07786680675172812
743.214,0.0778225632415765
743.553,0.07790417995087176
743.893,0.07783593446330901
744.232,0.077898859563498
744.572,0.0779085038833519
744.911,0.07780843841588178
745.25,0.07787897806782973
745.59,0.07767852851988795
745.929,0.07770666190192763
746.268,0.07780806104596436
746.607,0.07787140973631557
746.946,0.07791239798154273
747.285,0.07788871036775832
747.624,0.07778805405091156
747.963,0.07772890299602303
748.302,0.0776136500243743
748.641,0.07765034430676504
748.979,0.07765050824583271
749.318,0.0777044777340872
749.657,0.07786045523177168
749.995,0.07761824626599786
750.334,0.07762442194120428
750.672,0.07766278513879377
751.011,0.07784494835108058
751.349,0.07767618939544128
751.687,0.07759689472136012
752.026,0.07774249623989848
752.364,0.07767397889717532
752.702,0.07759244501823834
753.04,0.07760514360706423
753.378,0.07760496040523385
753.716,0.07735653011263072
754.054,0.07760406508126254
754.392,0.07743430876527618
754.73,0.07754795407465707
755.068,0.07762319659503325
755.406,0.07754395126094657
755.743,0.07760017990306839
756.081,0.0775526286594403
756.418,0.07755992727935315
756.756,0.07753494618720029
757.093,0.07742236542252906
757.431,0.07763171190583523
757.768,0.07741788750297801
758.106,0.0771738802183771
758.443,0.07754489404536051
758.78,0.07735648370861806
759.117,0.07735872777631377
759.454,0.07726990350439915
759.791,0.07726029224822582
760.128,0.07748291532871542
760.465,0.0773805291992896
760.802,0.07735188971083981
761.139,0.07734746954959842
761.476,0.07724393570705322
761.813,0.07737712247108221
762.149,0.07751738450753648
762.486,0.07740368716663754
762.823,0.07722611145466789
763.159,0.07743725924273022
763.496,0.07726974878774562
763.832,0.07746945693055018
764.169,0.07733256174027049
764.505,0.07735521312953297
764.841,0.07707552860740241
765.177,0.07737945952557436
765.514,0.07730126086341471
765.85,0.077295621651157
766.186,0.07726609361306921
766.522,0.07706366301028034
766.858,0.07721592037172695
767.194,0.07720922883309432
767.529,0.07726908747252614
767.865,0.07744377541447788
768.201,0.07737030618234851
768.537,0.07710568866074055
768.872,0.07727601021631819
769.208,0.07722337032898319
769.543,0.07719492519185141
769.879,0.07713447510069074
770.214,0.07710949699900828
770.55,0.07702368192596591
770.885,0.07712796361369342
771.22,0.07707035329180725
771.556,0.0771175156188923
771.891,0.07725170627800974
772.226,0.07706240547589245
772.561,0.07729501543870701
772.896,0.07690662943398126
773.231,0.07714926136366762
773.566,0.0771655274166356
773.901,0.07709443017513978
774.235,0.07710772049168167
774.57,0.07713328313960312
774.905,0.07707925904984579
775.24,0.07698025044368775
775.574,0.07700680448477436
775.909,0.07709627758555543
776.243,0.07727318531860657
776.578,0.07705073526037895
776.912,0.07707904040209888
777.246,0.07707513963648042
777.581,0.0770488998894242
777.915,0.07711934715666963
778.249,0.07693658241669574
778.583,0.07710833652985735
778.917,0.07713056991606555
779.251,0.07693249307589498
779.585,0.07710535808368595
779.919,0.07684576615314474
780.253,0.0770097252241101
780.587,0.0770454319767314
780.921,0.07705901426785425
781.254,0.07697230868269528
781.588,0.0768677693096233
781.921,0.07719657469073872
782.255,0.07704287430486115
782.588,0.07713452086095843
782.922,0.07686576499596391
783.255,0.0769791456116768
783.589,0.07693803700018424
783.922,0.07685689508670451
784.255,0.07679210020172021
784.588,0.0768046683406275
784.921,0.07684337693393764
785.255,0.07704666891267277
785.588,0.07709908966503963
785.92,0.07696881192427718
786.253,0.07699678603303413
786.586,0.0769570382012494
786.919,0.07722057337528022
787.252,0.0771812271453625
787.585,0.07708403792593108
787.917,0.0767151712613679
788.25,0.07716709460466946
788.582,0.07710489912271756
788.915,0.0769886790048523
789.247,0.07693701225321536
789.58,0.07690088726820016
789.912,0.07703283961716118
790.244,0.0767353368429043
790.576,0.07694797797229334
790.909,0.07686356733970882
791.241,0.07678140264373472
791.573,0.07697178318321438
791.905,0.07698876098133878
792.237,0.0768654381921702
792.569,0.07684025088638237
792.901,0.07689511310174636
793.232,0.07677720437277498
793.564,0.07696203649869315
793.896,0.07677886100658629
794.228,0.07695906632265306
794.559,0.07720874285130662
794.891,0.07681513837514485
795.222,0.07696383991545035
795.554,0.0768201447826588
795.885,0.07698861623596547
796.216,0.07708001356093024
796.548,0.07706626549822798
796.879,0.07673632563833548
797.21,0.07699054298370867
797.541,0.07704684595566218
797.872,0.07699117123091093
798.203,0.07702522357155382
798.534,0.07701374421500948
798.865,0.07695911770962931
799.196,0.07647951118474011
799.527,0.07692027567430317
799.858,0.07694632166840798
800.188,0.07696725612670566
800.519,0.07706974495248464
800.849,0.07684774134597114
801.18,0.07700397985214263
801.511,0.07718882627825026
801.841,0.07697201146607942
802.171,0.07675662887612471
802.502,0.07671053983699866
802.832,0.07683350761816828
803.162,0.07695798677278544
803.492,0.07699189305395127
803.823,0.07689224751841546
804.153,0.07687744737507163
804.483,0.07680269057135264
804.813,0.07679034441418679
805.142,0.0767862807813269
805.472,0.07696153277230972
805.802,0.07693395079252585
806.132,0.0768753864947539
806.462,0.07684845800061609
806.791,0.07687885819355197
807.121,0.07674670920884219
807.45,0.07688053035784528
807.78,0.07680929584090422
808.109,0.07663395024073763
808.439,0.07689836820629777
808.768,0.07721904857048068
809.097,0.07717221362321645
809.427,0.07694732960063631
809.756,0.07666321700284683
810.085,0.07665336545068754
810.414,0.07677509062038997
810.743,0.07685714681403717
811.072,0.076570172540279
811.401,0.07685582127943515
811.73,0.07678632813805861
812.059,0.07691814922036343
812.387,0.07661008730471634
812.716,0.0768136304846638
813.045,0.07676558303069696
813.373,0.07684056148243748
813.702,0.07679549177694904
814.03,0.07667611554852966
814.359,0.07693736355103027
814.687,0.07665370802931872
815.016,0.07669182398710525
815.344,0.07657443741536954
815.672,0.07686859856878223
816.0,0.07689323680324661
816.328,0.07664735287300103
816.656,0.07673356242641934
816.984,0.07676874851164406
817.312,0.07665766202539603
817.64,0.07664937993718517
817.968,0.07681234430832459
818.296,0.07657814907104672
818.624,0.07672113010608146
818.951,0.07676602489166218
819.279,0.07656905137337662
819.607,0.07671285042704076
819.934,0.0768061941498981
820.262,0.0765905291326916
820.589,0.07650816092236937
820.917,0.07673181554879507
821.244,0.07649353696127914
821.571,0.07674350307243463
821.899,0.07678634442431932
822.226,0.07664776457039818
822.553,0.07666451262934461
822.88,0.0768696761332664
823.207,0.07661628299001884
823.534,0.07672035634356326
823.861,0.07688338162418254
824.188,0.076705249013274
824.515,0.07645224655443444
824.841,0.07666011425422113
825.168,0.07677702071429798
825.495,0.07656972492699919
825.821,0.07666617417362594
826.148,0.07670364772362655
826.474,0.07656666430570164
826.801,0.07690394167575725
827.127,0.07660276242987817
827.453,0.07746108094217365
827.78,0.07655458912471344
828.106,0.07662396708982479
828.432,0.07672189270476595
828.758,0.07672540316470174
829.084,0.07660199100855763
829.41,0.07659653231020634
829.736,0.07680890433006701
830.062,0.076730409569869
830.388,0.07680439808557298
830.714,0.076674173407586
831.04,0.0766225528645662
831.365,0.07668876531046039
831.691,0.07676402963179542
832.017,0.07660630848347813
832.342,0.07684569436241874
832.668,0.07651660351874026
832.993,0.07675541504868394
833.319,0.07655350167480306
833.644,0.07681186273657552
833.969,0.07671435487058506
834.295,0.07686461757571572
834.62,0.07678844321492731
834.945,0.07658550857129888
835.27,0.07655244350527762
835.595,0.07680822430938677
835.92,0.07652513975598946
836.245,0.07667959491082289
836.57,0.07659146076310311
836.895,0.07664512497309484
837.219,0.07663644806109832
837.544,0.07682089396788006
837.869,0.07630305346048263
838.193,0.07680276388751481
838.518,0.0764694226857369
838.842,0.07645291667438521
839.167,0.07684216087177143
839.491,0.07676327198188115
839.816,0.07670706496551208
840.14,0.07660664811145763
840.464,0.07640510679800955
840.788,0.0768388992082237
841.112,0.07660184230386144
841.436,0.07656348072360636
841.761,0.07678033585341329
842.084,0.07668426057267039
842.408,0.07643946317379866
842.732,0.07643816231137994
843.056,0.07659887776571668
843.38,0.07654827751420823
843.704,0.07665541777285005
844.027,0.0765156816609868
844.351,0.07666461363749058
844.674,0.07671723364756995
844.998,0.07662652741317988
845.321,0.07651059809404172
845.645,0.07653632577790409
845.968,0.07679973670913122
846.291,0.07655348080081406
846.615,0.07652303471003169
846.938,0.07660854742172192
847.261,0.07655136244104868
847.584,0.07655265592653877
847.907,0.07658732886829132
848.23,0.07643796950017985
848.553,0.07656712238370396
848.876,0.0766810009792943
849.199,0.07648100423853527
849.521,0.07653676675930395
849.844,0.07627506855973948
850.167,0.07661352948928694
850.489,0.07645948523854698
850.812,0.07662842743710702
851.135,0.07662249848939227
851.457,0.07645932609976995
851.779,0.076847302917504
852.102,0.07674636547777465
852.424,0.07653632121977154
852.746,0.07661316003777582
853.068,0.07667874162205707
853.391,0.07660089810871683
853.713,0.07679131982495752
854.035,0.07671565003967393
854.357,0.07627972708604365
854.679,0.07686011762306158
855.0,0.07680365629618292
855.322,0.07662368875422458
855.644,0.07651342291777992
855.966,0.07678993555876923
856.287,0.07664909789004844
856.609,0.07652894431120186
856.931,0.07661263467076429
857.252,0.07647587213626662
857.574,0.07631897906920765
857.895,0.07667846936920328
858.216,0.07645518291547711
858.538,0.07664005520988366
858.859,0.07657958638877764
859.18,0.07658102739769088
859.501,0.07637720410211382
859.822,0.07662174614000951
860.143,0.07657149187467813
860.464,0.07669168865858271
860.785,0.07674035234319224
861.106,0.07671025166643228
861.427,0.07644736490944884
861.748,0.07676345060891078
862.068,0.07655073334185578
862.389,0.07673404297900234
862.71,0.07656486646539563
863.03,0.07711007216587001
863.351,0.07663363563738763
863.671,0.07650574660315353
863.992,0.0764936183965038
864.312,0.07632628613284248
864.632,0.07681050949289618
864.953,0.07648561407828133
865.273,0.07637268940311788
865.593,0.07658371660775752
865.913,0.07656119716500141
866.233,0.07655462626155975
866.553,0.07641726599897099
866.873,0.07653930805301809
867.193,0.07656857612750233
867.513,0.0762859767876769
867.832,0.07685635129308818
868.152,0.07679532907389384
868.472,0.07641376454984586
868.791,0.0767609787539192
869.111,0.07709226899830188
869.43,0.07630380961154282
869.75,0.0766184559406676
870.069,0.07643874904383598
870.389,0.07652833250053653
870.708,0.07654202949814334
871.027,0.07641088024073604
871.346,0.07688619158305339
871.666,0.07627829116014996
871.985,0.07653446828890664
872.304,0.07634382284186134
872.623,0.07624760945064742
872.942,0.0765557135027992
873.261,0.07657257258392469
873.579,0.07645262270603426
873.898,0.0763955705384874
874.217,0.07665086488277965
874.536,0.07679475923842691
874.854,0.07646478898750213
875.173,0.07664297259261786
875.491,0.07637824735842073
875.81,0.07655764157318674
876.128,0.07673806164232318
876.446,0.07655614419271962
876.765,0.07618585711880824
877.083,0.07651935834314266
877.401,0.07657207097171252
877.719,0.07643594115634939
878.037,0.07661868839769428
878.355,0.07683779018422843
878.673,0.07679360141878201
878.991,0.07658651302424534
879.309,0.07649322728211222
879.627,0.07690379411331048
879.945,0.07659003715203487
880.263,0.07671730572915751
880.58,0.07677913495826971
880.898,0.07663849150964523
881.215,0.07632637416239163
881.533,0.07644932772495777
881.85,0.07656505485523576
882.168,0.07652139595627215
882.485,0.07655707258115509
882.802,0.07658687188955296
883.12,0.07654099611519782
883.437,0.07646621647022231
883.754,0.07706742271887825
884.071,0.07681016785136892
884.388,0.07683149522132204
884.705,0.0767524041636498
885.022,0.07663654392406682
885.339,0.07646940975055341
885.656,0.07660456960364823
885.973,0.07637565429566344
886.289,0.07670724969431315
886.606,0.07634950972756427
886.923,0.07671643503473721
887.239,0.07711142723855681
887.556,0.07649822181560795
887.872,0.07675759231057275
888.189,0.07637801486665215
888.505,0.0765208595397522
888.821,0.07662036135963614
889.137,0.07629965496714139
889.454,0.07674690589356106
889.77,0.07660003948303107
890.086,0.07718169229601651
890.402,0.07679347244182273
890.718,0.07655613216719803
891.034,0.07647098219660774
891.35,0.07662882553402534
891.666,0.07656053730335784
891.981,0.07660826754976652
892.297,0.07644555687641155
892.613,0.0768636774057619
892.928,0.07655103657796725
893.244,0.07635363328165143
893.56,0.07636218164952778
893.875,0.07678388384962626
894.19,0.07652844414468477
894.506,0.07647315164830952
894.821,0.0765656673557911
895.136,0.07652821941397199
895.451,0.07654501393917065
895.767,0.07658757037107285
896.082,0.07676952948749659
896.397,0.07652671181962813
896.712,0.07703131929019195
897.027,0.07627737406743891
897.342,0.07662605317585537
897.656,0.07659256726697618
897.971,0.07639737489119905
898.286,0.07660966599350824
898.601,0.07635252984306316
898.915,0.07664145763967083
899.23,0.07653613646950505
899.544,0.07668675682750467
899.859,0.07656961337557996
900.173,0.0763578070224791
900.488,0.07656345967905598
900.802,0.07701032393186028
901.116,0.07657152282398459
901.43,0.07629344914403731
901.744,0.0765923468578878
902.059,0.076402922134377
902.373,0.07676803683208486
902.687,0.07646051104823583
903.001,0.07644103802612029
903.314,0.07667836744460818
903.628,0.07644090986358433
903.942,0.07635439665996174
904.256,0.07644822765368264
904.569,0.07675181967075154
904.883,0.07666449330997765
905.197,0.07652668194438234
905.51,0.07671524758547983
905.824,0.07637034897295564
906.137,0.07653530549027775
906.45,0.07646987873426105
906.764,0.0768062695186356
907.077,0.07644749046390563
907.39,0.07669443062546466
907.703,0.07644363349134357
908.016,0.07710026500512894
908.329,0.07684280136635889
908.642,0.07652816401688615
908.955,0.07687940363165036
909.268,0.07636086938168743
909.581,0.07642497421081441
909.894,0.07691970523895693
910.207,0.07638521283044515
910.519,0.07657216010735753
910.832,0.07661337522913805
911.145,0.07655777438387305
911.457,0.0764709014464018
911.77,0.07642655664731887
912.082,0.07629233266079273
912.394,0.07722717101221405
912.707,0.07714734222112078
913.019,0.07659446495679113
913.331,0.0762865140963017
913.643,0.07646380787623798
913.955,0.07652530504803977
914.267,0.07657921846560409
914.579,0.07640282951434316
914.891,0.07607074292216322
915.203,0.07635840071206351
915.515,0.07679953197047039
915.827,0.0763416679418516
916.139,0.07659529418563578
916.45,0.07631742095641401
916.762,0.07613957197114476
917.073,0.07626699968432807
917.385,0.07645172473408644
917.696,0.07646130541186082
918.008,0.0760003492127431
918.319,0.0764523163855644
918.631,0.07629321100071204
918.942,0.07617350994358861
919.253,0.07660666134747929
919.564,0.07620250934037447
919.875,0.07650389710748001
920.186,0.07633114685599489
920.497,0.07648809199894668
920.808,0.07749591491367026
921.119,0.07655367194494657
921.43,0.07647762464151173
921.741,0.07656378111858964
922.051,0.07684496827433526
922.362,0.07845399571935717
922.673,0.07620213954543122
922.983,0.0770872182975718
923.294,0.07676864857431898
923.604,0.07663733274245642
923.915,0.07667738876514205
924.225,0.07637249593855713
924.535,0.07701624595282833
924.846,0.07700342526333688
925.156,0.07647582335848171
925.466,0.07642937509808814
925.776,0.07626314080139021
926.086,0.07651750959386605
926.396,0.0765834958312792
926.706,0.0767985564965659
927.016,0.07645286977636959
927.326,0.07659332579684842
927.636,0.07639563459306237
927.945,0.07654486198422811
928.255,0.07662709191803556
928.565,0.07673259960404184
928.874,0.07641310057362401
929.184,0.0766822019218482
929.493,0.07667252882966452
929.803,0.07643317265228185
930.112,0.07685790457843661
930.421,0.0771438373896168
930.731,0.07652357788432375
931.04,0.07633806688700867
931.349,0.07620886526194152
931.658,0.07610636149364457
931.967,0.07663841118673966
932.276,0.07660082031070133
932.585,0.07683184326870815
932.894,0.07650882049784713
933.203,0.07678865229235844
933.512,0.07669918734797583
933.82,0.07781685229193268
934.129,0.07653973807885779
934.438,0.07638776535833793
934.746,0.07659749818811994
935.055,0.07690986377838782
935.363,0.07690975022526989
935.672,0.07635835995906748
935.98,0.07637085314027499
936.288,0.07645380981258373
936.597,0.07653914170286281
936.905,0.07585926192006735
937.213,0.0766201356386261
937.521,0.07752101874842444
937.829,0.07663899570380836
938.137,0.07625180203117958
938.445,0.07666036248443381
938.753,0.07751829605154739
939.061,0.07613821389036365
939.369,0.07725575670638257
939.676,0.07681886336203839
939.984,0.07604501099995821
940.292,0.07608787355947615
940.599,0.07670842388907717
940.907,0.07611870044453958
941.214,0.07776976379040747
941.522,0.07619310988196341
941.829,0.07645292425118985
942.136,0.07755402045848417
942.444,0.0769571442622906
942.751,0.07605009455065202
943.058,0.07692814458679975
943.365,0.07667272318324514
943.672,0.0758803598798567
943.979,0.07717734714282756
944.286,0.07607609651001063
944.593,0.07632758862785471
944.9,0.0771630979867769
945.207,0.07778004724002092
945.513,0.07664147086437557
945.82,0.07661495518601856
946.127,0.07678002323697213
946.433,0.07613954032115666
946.74,0.07705639802304264
947.046,0.07671539268467784
947.353,0.07632706044805448
947.659,0.07779216286764096
947.966,0.07806620960761541
948.272,0.07759813775844437
948.578,0.07648497695467617
948.884,0.07891183352113851
949.19,0.07733629502525909
949.496,0.07704436221065818
949.802,0.07602883304720123
950.108,0.07661252007544862
950.414,0.07609346550436781
950.72,0.07606245873768816
951.026,0.07846532548759666
951.332,0.07957781020402364
951.637,0.07651156305697199
951.943,0.07646747163598053
952.248,0.07652008969598152
952.554,0.0770464257556533
952.859,0.07628780438633119
953.165,0.07610250506662773
953.47,0.07650320124029136
953.776,0.07689104183560896
954.081,0.07694720812635425
954.386,0.07598815135671601
954.691,0.07631561970145198
954.996,0.07621922391429845
955.301,0.07694710358682903
955.606,0.07682218806306941
955.911,0.07710114701201023
956.216,0.0763796291759911
956.521,0.07780387968940099
956.826,0.07754997196393186
957.131,0.07683456341542494
957.435,0.07630772995308169
957.74,0.07693114835536836
958.045,0.07734408143677039
958.349,0.07654921328170744
958.654,0.07677448856242075
958.958,0.07631637899897824
959.262,0.07668230989046368
959.567,0.07652159367413365
959.871,0.07728380220473231
960.175,0.0763266180445109
960.479,0.07620424467660047
960.783,0.07646003973919319
961.088,0.07619476191948359
961.392,0.0771740138513172
961.695,0.07645793533189257
961.999,0.0763720178072646
962.303,0.07707144354865601
962.607,0.07634608685655347
962.911,0.07640732238077694
963.214,0.07727616352922677
963.518,0.07664902100565761
963.822,0.07647963753669829
964.125,0.07629158925030687
964.429,0.07633352914162644
964.732,0.07631993881249957
965.036,0.07642349052118295
965.339,0.076544795314941
965.642,0.07713204709305296
965.945,0.07658122076544165
966.249,0.07682888819786729
966.552,0.07660317090306244
966.855,0.07670929285357397
967.158,0.07673375749262318
967.461,0.0759378432009949
967.764,0.07656762894295105
968.066,0.0784101046223223
968.369,0.07632484673625824
968.672,0.0763916620051158
968.975,0.07674988383055494
969.277,0.07656204544382995
969.58,0.07680749093777045
969.882,0.07606578218790261
970.185,0.07802760029297191
970.487,0.07647271677897642
970.79,0.077199763127613
971.092,0.07644252680947394
971.394,0.07637300734081065
971.697,0.07825576141411555
971.999,0.07644266319560515
972.301,0.0766018090483853
972.603,0.07684935960910841
972.905,0.07677690793322269
973.207,0.07649274772164523
973.509,0.07711492707762958
973.811,0.07737482497720335
974.112,0.0770723952583083
974.414,0.07789569123278445
974.716,0.07686608400196264
975.017,0.07654680824327126
975.319,0.07682668930935871
975.621,0.07707000807863221
975.922,0.07678762422244333
976.224,0.07704599613442666
976.525,0.07596822657228386
976.826,0.07708937235808543
977.127,0.07600600518845849
977.429,0.0765084750162666
977.73,0.0773902847365995
978.031,0.07620192133455839
978.332,0.07676094608074681
978.633,0.07704176455688094
978.934,0.07689350827134281
979.235,0.07661864034697839
979.536,0.07687680739963541
979.837,0.07668944989278913
980.137,0.07764757839440586
980.438,0.07714719926973611
980.739,0.07712691454485587
981.039,0.07715480245106703
981.34,0.07607529601256457
981.64,0.07653849230618999
981.941,0.07703658144481806
982.241,0.07684137205031985
982.541,0.07728249241861211
982.842,0.07708649549768874
983.142,0.07705859355424427
983.442,0.0771775020176235
983.742,0.0759588023707146
984.042,0.07785374804812957
984.342,0.07711289836147904
984.642,0.0778160387345693
984.942,0.0767465156890595
985.242,0.07692130990111075
985.542,0.07866038401389347
985.842,0.0790056944715175
986.141,0.07661754112179568
986.441,0.07653921217413255
986.741,0.0765122651250717
987.04,0.07667245806204603
987.34,0.07724014704977886
987.639,0.07685033554911498
987.938,0.07697569854954345
988.238,0.07748855808509549
988.537,0.07811159440777997
988.836,0.07626199840063978
989.135,0.07653737403455704
989.434,0.07674733233750192
989.734,0.07681822167546341
990.033,0.07812921779550021
990.332,0.07784867777090758
990.63,0.07708030906829419
990.929,0.07738605424473027
991.228,0.07849030374112077
991.527,0.07724869783078815
991.826,0.07651712519172356
992.124,0.0777845590400717
992.423,0.0777737615849482
992.721,0.07756747513665768
993.02,0.07735569053292227
993.318,0.07724654131360509
993.617,0.07714580478937907
993.915,0.0770113584058456
994.213,0.07731770982221356
994.511,0.07756285744620274
994.81,0.07709180184958603
995.108,0.07694080438557176
995.406,0.077228936763793
995.704,0.07770129159134083
996.002,0.07743157040339632
996.3,0.07742855371983634
996.598,0.07711661266970657
996.895,0.07724829354005193
997.193,0.07788452403962817
997.491,0.07708808561018844
997.788,0.0786269399183338
998.086,0.07705181431783606
998.384,0.07736229081474819
998.681,0.07813632588616731
998.979,0.0775838691985746
999.276,0.07811787314056505
999.573,0.07831039457015955
999.871,0.0775262453677615
1000.168,0.07793221814915834
1000.465,0.07721607828546538
1000.762,0.07724490259762656
1001.059,0.078317429143009
1001.356,0.07895523535475849
1001.653,0.07859729006830463
1001.95,0.0805595327006614
1002.247,0.08041350404460008
1002.544,0.07794392706156307
1002.84,0.07771970093222114
1003.137,0.07840728916130808
1003.434,0.07950328853139683
1003.73,0.07807315932239728
1004.027,0.07905222927610826
1004.323,0.07862225033507236
1004.62,0.07847111815985733
1004.916,0.07948276345269152
1005.213,0.08088344551223967
1005.509,0.07956971700283262
1005.805,0.07933516403305232
1006.101,0.07870273219763425
1006.397,0.07938996883398279
1006.693,0.07976370792893686
1006.99,0.07901989967611091
1007.285,0.079001447682605
1007.581,0.07964633412322804
1007.877,0.07961184876183425
1008.173,0.08016595836473557
1008.469,0.08041615276963725
1008.765,0.07984379334710605
1009.06,0.08009783114491023
1009.356,0.08071692388443492
1009.651,0.08183854317356665
1009.947,0.08318877069558728
1010.242,0.08040731749967847
1010.538,0.08089144167150358
1010.833,0.08080477356229346
1011.128,0.082244104848243
1011.423,0.07971284932590735
1011.719,0.08065825495020687
1012.014,0.08101712815055985
1012.309,0.08094367794600497
1012.604,0.08084637039948674
1012.899,0.08170166298948497
1013.194,0.0824029711974802
1013.489,0.08143429221341544
1013.783,0.08128129226177752
1014.078,0.08246700891619466
1014.373,0.08171842197165896
1014.668,0.08126214370563506
1014.962,0.08172340547137238
1015.257,0.08146248061779994
1015.551,0.08230772022245299
1015.846,0.08382445662718248
1016.14,0.08293301954786483
1016.434,0.08241497023614275
1016.729,0.08287173652343804
1017.023,0.08424951361134578
1017.317,0.08303066083462846
1017.611,0.08290624037416722
1017.905,0.08449279353311374
1018.199,0.08250169047992428
1018.493,0.08261665611417794
1018.787,0.084895636912281
1019.081,0.08405014813014235
1019.375,0.08364498547701273
1019.669,0.0847090811730622
1019.962,0.08577418031228277
1020.256,0.08425558901996828
1020.55,0.08502044820694901
1020.843,0.0840413563501451
1021.137,0.08491260824452403
1021.43,0.0840591740050147
1021.723,0.08377441586212749
1022.017,0.08387947433204246
1022.31,0.08578033039443908
1022.603,0.08533439724156387
1022.896,0.08426970096840784
1023.19,0.08447358374850913
1023.483,0.08516186269437977
1023.776,0.08506438875686902
1024.069,0.086336941377925
1024.362,0.08633912208565571
1024.654,0.08630983598369006
1024.947,0.08503462615655849
1025.24,0.08543426332502137
1025.533,0.08530349778200867
1025.825,0.08612961612906198
1026.118,0.08519286058853695
1026.411,0.08736638100885934
1026.703,0.0865767464832857
1026.995,0.086023751723342
1027.288,0.08703463212098758
1027.58,0.0879887685631354
1027.873,0.08614386895153767
1028.165,0.08656589448281825
1028.457,0.08801718595581619
1028.749,0.08647325937913111
1029.041,0.08710291961892283
1029.333,0.08674347422222718
1029.625,0.08703470724190115
1029.917,0.08924014575649715
1030.209,0.08781011760246017
1030.501,0.08774778920504005
1030.792,0.0878510237010181
1031.084,0.08677545593500707
1031.376,0.08861558658666041
1031.667,0.08807312775316688
1031.959,0.0908548656911955
1032.251,0.08912426013816296
1032.542,0.08812125879265525
1032.833,0.08893840301473009
1033.125,0.08865944046276587
1033.416,0.0873907293004698
1033.707,0.08989844334262007
1033.998,0.08865366889494797
1034.29,0.08777946231623315
1034.581,0.08800070745014213
1034.872,0.08994940974751497
1035.163,0.08871291544681814
1035.454,0.08893936978362961
1035.744,0.08869356595885507
1036.035,0.08997990430858191
1036.326,0.08867794714968072
1036.617,0.08859514564056546
1036.907,0.08965301895954739
1037.198,0.08940054125634186
1037.489,0.09123964380071883
1037.779,0.09067718301268568
1038.069,0.09077781142040853
1038.36,0.09066569099665267
1038.65,0.08895370701376144
1038.94,0.09018429592287841
1039.231,0.08934323435332552
1039.521,0.09190524814742089
1039.811,0.09181835336983153
1040.101,0.09195819016119015
1040.391,0.09113916042298202
1040.681,0.09119797831985708
1040.971,0.08846095169549317
1041.261,0.0912822411313951
1041.551,0.09182710450532021
1041.841,0.09200584335835367
1042.13,0.09056973316579778
1042.42,0.09307789353679281
1042.709,0.09193113126745626
1042.999,0.09204735100063069
1043.289,0.08971651510473849
1043.578,0.09131572595284951
1043.867,0.09281288758511282
1044.157,0.09084914268464016
1044.446,0.09059655175920509
1044.735,0.09107282077421863
1045.024,0.09210316063065506
1045.314,0.09154520701508072
1045.603,0.09167804460312214
1045.892,0.09297509462854488
1046.181,0.09111988474563226
1046.47,0.09281219168094519
1046.758,0.0919890744151308
1047.047,0.09255466450232261
1047.336,0.09170063839706201
1047.625,0.0920548811805057
1047.913,0.09258719248969817
1048.202,0.09205121338621203
1048.491,0.09205602863515522
1048.779,0.09252565355011198
1049.068,0.09487067256577682
1049.356,0.09237187880567203
1049.644,0.09294313599872121
1049.933,0.09294607730095594
1050.221,0.09375455158545336
1050.509,0.09215378709241293
1050.797,0.09182813090641108
1051.085,0.09273796070824997
1051.373,0.09367391367699023
1051.661,0.09409162454758459
1051.949,0.09430477824281783
1052.237,0.09402478199063462
1052.525,0.09382320455240503
1052.813,0.09467370644958968
1053.1,0.09314872860584793
1053.388,0.09198598806996869
1053.676,0.09212305142544201
1053.963,0.09166538482636445
1054.251,0.09323191228004922
1054.538,0.09354997489039586
1054.826,0.09181102578131886
1055.113,0.09255196832482059
1055.4,0.09364034800318774
1055.687,0.09358783098685086
1055.975,0.094062128122921
1056.262,0.09339023753265618
1056.549,0.09358086741459927
1056.836,0.09305611436063388
1057.123,0.09559012953827105
1057.41,0.09330027381570126
1057.697,0.09336385408217636
1057.983,0.09510738092181663
1058.27,0.09268360465208912
1058.557,0.09457019813153812
1058.844,0.09507171415195231
1059.13,0.09461226906822841
1059.417,0.09421396121096245
1059.703,0.0922349690689939
1059.99,0.09693635554158017
1060.276,0.09570980667010377
1060.563,0.09358414980238118
1060.849,0.0968113032518481
1061.135,0.09375468641601438
1061.421,0.0964376444760785
1061.707,0.09531833037471131
1061.993,0.09497276221297628
1062.279,0.0944764711910373
1062.565,0.09582132879251738
1062.851,0.0960664119421088
1063.137,0.09377806579112621
1063.423,0.09542479455309044
1063.709,0.09488315863091876
1063.995,0.0944677892235718
1064.28,0.09468471224223585
1064.566,0.09757917306851047
1064.851,0.09443463798406965
1065.137,0.09486476810298046
1065.422,0.09578186530850526
1065.708,0.09495649035933766
1065.993,0.09602166553952583
1066.278,0.0934264916475467
1066.564,0.09657426447353872
1066.849,0.09320050292982755
1067.134,0.09696157712078506
1067.419,0.09437206567845864
1067.704,0.09378647898955607
1067.989,0.09517090592858157
1068.274,0.09534516976759602
1068.559,0.09357313805323492
1068.844,0.09422075505348075
1069.129,0.09413060025040666
1069.413,0.09402168152916557
1069.698,0.09683355252703629
1069.983,0.09366436745040617
1070.267,0.09456636696074515
1070.552,0.09615731384819799
1070.836,0.0953101254592831
1071.12,0.09607278271871818
1071.405,0.09439174755804583
1071.689,0.09331627433724081
1071.973,0.09526714976526171
1072.258,0.09661807996339122
1072.542,0.09372950976238954
1072.826,0.09744954447075932
1073.11,0.09616160067900902
1073.394,0.09526475080142813
1073.678,0.09476358730570292
1073.962,0.09493049910403366
1074.245,0.0942868594034325
1074.529,0.09727720118953538
1074.813,0.09583006632575805
1075.097,0.09460209688137025
1075.38,0.09569768392430678
1075.664,0.0966219254750819
1075.947,0.09478727042745619
1076.231,0.09689963954657034
1076.514,0.09595095500636762
1076.798,0.09721591287589063
1077.081,0.09637586523868495
1077.364,0.09631734585100424
1077.647,0.09486652393294184
1077.93,0.09591704551219764
1078.213,0.09583973744350364
1078.497,0.09606259683266818
1078.78,0.09734243876902543
1079.062,0.09497286147417447
1079.345,0.09649320968461128
1079.628,0.09534458819298709
1079.911,0.09714412902892001
1080.194,0.09756742242016772
1080.476,0.09701972342779011
1080.759,0.09422597363380339
1081.042,0.09589262660230471
1081.324,0.09421070393632683
1081.606,0.09557095649674228
1081.889,0.09659943024308017
1082.171,0.09748646398483785
1082.454,0.0956280937952524
1082.736,0.09567759003632513
1083.018,0.09670480971908206
1083.3,0.09623552115020009
1083.582,0.09676673699584992
1083.864,0.09551268655130546
1084.146,0.09853411421018168
1084.428,0.09712515161133328
1084.71,0.09621668006642796
1084.992,0.09820352987156936
1085.274,0.09335024812663448
1085.555,0.09827672352310064
1085.837,0.09613195963873829
1086.119,0.09880985279342872
1086.4,0.09444055405584366
1086.682,0.09747832416524485
1086.963,0.09682782181323239
1087.245,0.09729155189104402
1087.526,0.09784486139145299
1087.807,0.09697111849624998
1088.089,0.0985573479791959
1088.37,0.09889598678301426
1088.651,0.0958354413456409
1088.932,0.09923999264143506
1089.213,0.09469312166686986
1089.494,0.09602800714224559
1089.775,0.09656122442415896
1090.056,0.09728157918449491
1090.337,0.09663449958490931
1090.617,0.09651535168435874
1090.898,0.09504401258281683
1091.179,0.09870985564763847
1091.459,0.09663862128113036
1091.74,0.09572397217376181
1092.021,0.09897650590797476
1092.301,0.09645018202043079
1092.581,0.1007886361337476
1092.862,0.09628859060839517
1093.142,0.10104351082792078
1093.422,0.09498330987494434
1093.703,0.0967226883781425
1093.983,0.09708431572082192
1094.263,0.09608693558327705
1094.543,0.09706054173104561
1094.823,0.10191924568329924
1095.103,0.09613883837194236
1095.383,0.10060472346674076
1095.662,0.09646596745636626
1095.942,0.0958645302943595
1096.222,0.0947357721733773
1096.502,0.09623614762200274
1096.781,0.095200136680284
1097.061,0.10008232121509468
1097.34,0.10170524453609081
1097.62,0.09673261607632952
1097.899,0.09977662094564833
1098.179,0.09830827344676407
1098.458,0.09630067671896118
1098.737,0.10810997828354467
1099.016,0.09640489922648691
1099.296,0.09807881055055076
1099.575,0.1033216847840326
1099.854,0.09859518231029202
1100.133,0.0953151961645352
1100.412,0.09825899607758323
1100.69,0.09839487097222913
1100.969,0.0987356659610525
1101.248,0.09643992244146335
1101.527,0.09814380510146527
1101.805,0.09638406422845751
1102.084,0.09536278322576656
1102.363,0.09763289448854204
1102.641,0.10125737865458181
1102.92,0.09570982990864318
1103.198,0.09857332227359086
1103.476,0.09743495042982954
1103.755,0.0969193895444077
1104.033,0.10031603609141246
1104.311,0.09635450990679441
1104.589,0.09477527395031382
1104.867,0.096445095979121
1105.145,0.09770626991299117
1105.423,0.09866813977433707
1105.701,0.09857402642433429
1105.979,0.09673373255308194
1106.257,0.09546837193111073
1106.535,0.09620404635144975
1106.813,0.09808614083137551
1107.09,0.10029894768040867
1107.368,0.10300699216393186
1107.646,0.09956493816909245
1107.923,0.09693895777982896
1108.201,0.09770497286270781
1108.478,0.0972177050042632
1108.755,0.09869944464568446
1109.033,0.09878104357734818
1109.31,0.09793632196110133
1109.587,0.10343678528938148
1109.864,0.09892799922601488
1110.141,0.09528627085714843
1110.418,0.09660662367263817
1110.695,0.09577408496164405
1110.972,0.09699252034501733
1111.249,0.09732809350487637
1111.526,0.09703685347411727
1111.803,0.09589262409204842
1112.08,0.09504989116408638
1112.356,0.09598786337648547
1112.633,0.10285714342821901
1112.909,0.09591261684585092
1113.186,0.09954171400886797
1113.462,0.10137776269722083
1113.739,0.10110989845331082
1114.015,0.09837942940309259
1114.292,0.09722420694129653
1114.568,0.09824775806781648
1114.844,0.10421979826780635
1115.12,0.09930988482276025
1115.396,0.09752763345718438
1115.672,0.09576246849189089
1115.948,0.1011622316589619
1116.224,0.09791789941389062
1116.5,0.10656336627091005
1116.776,0.10064764037078985
1117.052,0.09696465709823282
1117.327,0.09777325655999924
1117.603,0.09717310632449591
1117.879,0.09768620644202705
1118.154,0.09705541378315942
1118.43,0.09495798937112508
1118.705,0.09975165641992051
1118.981,0.1034416776341476
1119.256,0.10086038395159472
1119.531,0.10147262993914727
1119.807,0.09824810505758258
1120.082,0.09600565851098376
1120.357,0.09734956542332507
1120.632,0.10517504684718293
1120.907,0.09954835389082858
1121.182,0.09876479092597049
1121.457,0.09956848332867808
1121.732,0.10078168937651576
1122.007,0.09904576991985246
1122.282,0.10930645354527291
1122.556,0.09766591248263629
1122.831,0.09993642869555257
1123.106,0.10910750305058645
1123.38,0.09815756564552036
1123.655,0.0977344209989325
1123.929,0.09830496302031005
1124.204,0.0989094986925557
1124.478,0.101162204321575
1124.752,0.1063651937590536
1125.027,0.09947250346963699
1125.301,0.10398564496071691
1125.575,0.10277102315569366
1125.849,0.11229296854933972
1126.123,0.10440377177148104
1126.397,0.09768627582082452
1126.671,0.09778250691220627
1126.945,0.10359811524901893
1127.219,0.09376531316224691
1127.493,0.10134748415943327
1127.766,0.09779941160046955
1128.04,0.10496189672858611
1128.314,0.0952111133370868
1128.587,0.09730017280228685
1128.861,0.09914594103557357
1129.134,0.10145119145122479
1129.408,0.1000025462531171
1129.681,0.09666750950541762
1129.954,0.10012148428849965
1130.228,0.09823454911035227
1130.501,0.10076623165240932
1130.774,0.09619701747046443
1131.047,0.09867246209180502
1131.32,0.10985676059722918
1131.593,0.09819969672850613
1131.866,0.10259228439237017
1132.139,0.09901813116914951
1132.412,0.09897884949003866
1132.685,0.11668046119038711
1132.957,0.10221529695007099
1133.23,0.10070826540554945
1133.503,0.0983851936167087
1133.775,0.10191196041161645
1134.048,0.10167967682361097
1134.32,0.1056891866600832
1134.593,0.09663146460922477
1134.865,0.10164292250510693
1135.137,0.10225459575697624
1135.41,0.10059716859479576
1135.682,0.09775730914008539
1135.954,0.10306446362153851
1136.226,0.09847983385038793
1136.498,0.10011105347604361
1136.77,0.10216734528915368
1137.042,0.09968518520484373
1137.314,0.10152634592934444
1137.586,0.10289954094923277
1137.858,0.10506388258442946
1138.129,0.0981385168510435
1138.401,0.111217785381218
1138.673,0.11257081093751933
1138.944,0.10325230234673068
1139.216,0.09817132221846188
1139.487,0.10291633205851684
1139.759,0.09855606956293185
1140.03,0.10265111636381093
1140.301,0.10914180332650683
1140.573,0.09748315544854926
1140.844,0.10333666804128364
1141.115,0.1019081327006666
1141.386,0.09686857895114824
1141.657,0.10549967939256029
1141.928,0.09782013905381629
1142.199,0.10116608729309898
1142.47,0.0994344891834044
1142.741,0.1000807074200932
1143.012,0.10248333396942208
1143.282,0.10446683242209413
1143.553,0.10323362057426218
1143.824,0.09648408673642424
1144.094,0.09859736653553298
1144.365,0.11206420566558035
1144.635,0.11563482664177001
1144.906,0.10347685476186023
1145.176,0.09993156144695581
1145.446,0.10441040311041253
1145.717,0.10342835572278009
1145.987,0.10066997512539655
1146.257,0.10735595478844237
1146.527,0.10381757647967252
1146.797,0.10032583462330946
1147.067,0.12803485544934498
1147.337,0.10055625108255767
1147.607,0.10278524874582771
1147.877,0.0982792603703206
1148.147,0.09984207222206935
1148.417,0.10289799202923262
1148.686,0.09483691972904869
1148.956,0.1028005839385267
1149.225,0.10266134090075905
1149.495,0.10434504962486787
1149.764,0.10287933289416983
1150.034,0.10762410933879836
1150.303,0.11410627263473787
1150.573,0.10788141803143819
1150.842,0.10179701915433438
1151.111,0.09518383864036144
1151.38,0.10269727565487395
1151.649,0.11272793070061654
1151.918,0.13150294871229093
1152.187,0.0963063859751181
1152.456,0.10405484477197348
1152.725,0.09944534742507098
1152.994,0.10293066594865044
1153.263,0.10234632797815454
1153.532,0.11716316446827456
1153.8,0.11392828150177935
1154.069,0.11959387492963278
1154.338,0.10383698574065134
1154.606,0.10968813275696258
1154.875,0.0999148553845228
1155.143,0.11437224555625779
1155.411,0.10661035564815771
1155.68,0.11075827869873521
1155.948,0.10442341099340252
1156.216,0.10302003994994419
1156.484,0.10262233700402228
1156.752,0.12260552213387053
1157.021,0.12229976359467494
1157.289,0.10559201176186654
1157.556,0.10439222580449006
1157.824,0.1044620587096943
1158.092,0.10690437062214475
1158.36,0.10244922686229754
1158.628,0.1020606663334345
1158.895,0.10505472322234362
1159.163,0.1063644890077703
1159.431,0.1168923133285271
1159.698,0.10918917418999964
1159.966,0.10521647688308162
1160.233,0.11824557679377454
1160.501,0.10647214587381341
1160.768,0.1254000808497415
1161.035,0.12459782892468095
1161.302,0.11311263984770466
1161.57,0.11471895230924663
1161.837,0.11183222022156009
1162.104,0.10537240247480961
1162.371,0.12334592635851455
1162.638,0.1107326463317212
1162.905,0.10659894502736439
1163.171,0.10819332182457823
1163.438,0.12284312942874892
1163.705,0.14412840760770593
1163.972,0.10666281732597813
1164.238,0.155278083162374
1164.505,0.11040610407547398
1164.771,0.12605308147482294
1165.038,0.12489666897484562
1165.304,0.11048657237766454
1165.571,0.12530569483993154
1165.837,0.13135557735464756
1166.103,0.12156479451803957
1166.37,0.110400293235887
1166.636,0.12404555034454165
1166.902,0.12889878030453358
1167.168,0.12225415023105604
1167.434,0.12276251498391587
1167.7,0.14737235924390224
1167.966,0.1107504065909087
1168.232,0.11718805033333293
1168.497,0.13153764934591367
1168.763,0.13578110359519904
1169.029,0.13721302157188453
1169.294,0.13420978925730923
1169.56,0.12169924896232073
1169.826,0.11480046518683665
1170.091,0.1466907374171363
1170.357,0.1297004767925667
1170.622,0.14260041166499993
1170.887,0.12146354765010739
1171.153,0.15821843632255966
1171.418,0.1193084400274094
1171.683,0.1193084400274094
1171.948,0.1193084400274094
