wave length[nm],specCF
519.504644,1.36637E-09
519.8142415,1.36475E-09
520.123839,1.36312E-09
520.4334365,1.3615E-09
520.7430341,1.35988E-09
521.0526316,1.35827E-09
521.3622291,1.35666E-09
521.6718266,1.35505E-09
521.9814241,1.35344E-09
522.2910217,1.35183E-09
522.6006192,1.35023E-09
522.9102167,1.34864E-09
523.2198142,1.34704E-09
523.5294118,1.34545E-09
523.8390093,1.34386E-09
524.1486068,1.34227E-09
524.4582043,1.34069E-09
524.7678019,1.3391E-09
525.0773994,1.33753E-09
525.3869969,1.33595E-09
525.6965944,1.33438E-09
526.006192,1.33281E-09
526.3157895,1.33124E-09
526.625387,1.32967E-09
526.9349845,1.32811E-09
527.244582,1.32655E-09
527.5541796,1.325E-09
527.8637771,1.32344E-09
528.1733746,1.32189E-09
528.4829721,1.32034E-09
528.7925697,1.3188E-09
529.1021672,1.31725E-09
529.4117647,1.31571E-09
529.7213622,1.31418E-09
530.0309598,1.31264E-09
530.3405573,1.31111E-09
530.6501548,1.30958E-09
530.9597523,1.30805E-09
531.2693498,1.30653E-09
531.5789474,1.30501E-09
531.8885449,1.30349E-09
532.1981424,1.30197E-09
532.5077399,1.30046E-09
532.8173375,1.29895E-09
533.126935,1.29744E-09
533.4365325,1.29593E-09
533.74613,1.29443E-09
534.0557276,1.29293E-09
534.3653251,1.29143E-09
534.6749226,1.28994E-09
534.9845201,1.28845E-09
535.2941176,1.28696E-09
535.6037152,1.28547E-09
535.9133127,1.28398E-09
536.2229102,1.2825E-09
536.5325077,1.28102E-09
536.8421053,1.27954E-09
537.1517028,1.27807E-09
537.4613003,1.2766E-09
537.7708978,1.27513E-09
538.0804954,1.27366E-09
538.3900929,1.2722E-09
538.6996904,1.27074E-09
539.0092879,1.26928E-09
539.3188854,1.26782E-09
539.628483,1.26637E-09
539.9380805,1.26491E-09
540.247678,1.26346E-09
540.5572755,1.26202E-09
540.8668731,1.26057E-09
541.1764706,1.25913E-09
541.4860681,1.25769E-09
541.7956656,1.25625E-09
542.1052632,1.25482E-09
542.4148607,1.25339E-09
542.7244582,1.25196E-09
543.0340557,1.25053E-09
543.3436533,1.24911E-09
543.6532508,1.24768E-09
543.9628483,1.24626E-09
544.2724458,1.24485E-09
544.5820433,1.24343E-09
544.8916409,1.24202E-09
545.2012384,1.24061E-09
545.5108359,1.2392E-09
545.8204334,1.2378E-09
546.130031,1.23639E-09
546.4396285,1.23499E-09
546.749226,1.23359E-09
547.0588235,1.2322E-09
547.3684211,1.2308E-09
547.6780186,1.22941E-09
547.9876161,1.22803E-09
548.2972136,1.22664E-09
548.6068111,1.22525E-09
548.9164087,1.22387E-09
549.2260062,1.22249E-09
549.5356037,1.22112E-09
549.8452012,1.21974E-09
550.1547988,1.21837E-09
550.4643963,1.217E-09
550.7739938,1.21563E-09
551.0835913,1.21427E-09
551.3931889,1.2129E-09
551.7027864,1.21154E-09
552.0123839,1.21018E-09
552.3219814,1.20883E-09
552.6315789,1.20747E-09
552.9411765,1.20612E-09
553.250774,1.20477E-09
553.5603715,1.20342E-09
553.869969,1.20208E-09
554.1795666,1.20074E-09
554.4891641,1.1994E-09
554.7987616,1.19806E-09
555.1083591,1.19672E-09
555.4179567,1.19539E-09
555.7275542,1.19406E-09
556.0371517,1.19273E-09
556.3467492,1.1914E-09
556.6563467,1.19008E-09
556.9659443,1.18875E-09
557.2755418,1.18743E-09
557.5851393,1.18611E-09
557.8947368,1.1848E-09
558.2043344,1.18348E-09
558.5139319,1.18217E-09
558.8235294,1.18086E-09
559.1331269,1.17956E-09
559.4427245,1.17825E-09
559.752322,1.17695E-09
560.0619195,1.17565E-09
560.371517,1.17435E-09
560.6811146,1.17305E-09
560.9907121,1.17176E-09
561.3003096,1.17046E-09
561.6099071,1.16917E-09
561.9195046,1.16789E-09
562.2291022,1.1666E-09
562.5386997,1.16532E-09
562.8482972,1.16403E-09
563.1578947,1.16276E-09
563.4674923,1.16148E-09
563.7770898,1.1602E-09
564.0866873,1.15893E-09
564.3962848,1.15766E-09
564.7058824,1.15639E-09
565.0154799,1.15512E-09
565.3250774,1.15386E-09
565.6346749,1.15259E-09
565.9442724,1.15133E-09
566.25387,1.15008E-09
566.5634675,1.14882E-09
566.873065,1.14756E-09
567.1826625,1.14631E-09
567.4922601,1.14506E-09
567.8018576,1.14381E-09
568.1114551,1.14257E-09
568.4210526,1.14132E-09
568.7306502,1.14008E-09
569.0402477,1.13884E-09
569.3498452,1.1376E-09
569.6594427,1.13637E-09
569.9690402,1.13513E-09
570.2786378,1.1339E-09
570.5882353,1.13267E-09
570.8978328,1.13144E-09
571.2074303,1.13021E-09
571.5170279,1.12899E-09
571.8266254,1.12777E-09
572.1362229,1.12655E-09
572.4458204,1.12533E-09
572.755418,1.12411E-09
573.0650155,1.1229E-09
573.374613,1.12169E-09
573.6842105,1.12048E-09
573.993808,1.11927E-09
574.3034056,1.11806E-09
574.6130031,1.11686E-09
574.9226006,1.11566E-09
575.2321981,1.11445E-09
575.5417957,1.11326E-09
575.8513932,1.11206E-09
576.1609907,1.11086E-09
576.4705882,1.10967E-09
576.7801858,1.10848E-09
577.0897833,1.10729E-09
577.3993808,1.1061E-09
577.7089783,1.10492E-09
578.0185759,1.10374E-09
578.3281734,1.10255E-09
578.6377709,1.10137E-09
578.9473684,1.1002E-09
579.2569659,1.09902E-09
579.5665635,1.09785E-09
579.876161,1.09668E-09
580.1857585,1.09551E-09
580.495356,1.09434E-09
580.8049536,1.09317E-09
581.1145511,1.09201E-09
581.4241486,1.09084E-09
581.7337461,1.08968E-09
582.0433437,1.08852E-09
582.3529412,1.08737E-09
582.6625387,1.08621E-09
582.9721362,1.08506E-09
583.2817337,1.08391E-09
583.5913313,1.08276E-09
583.9009288,1.08161E-09
584.2105263,1.08046E-09
584.5201238,1.07932E-09
584.8297214,1.07818E-09
585.1393189,1.07704E-09
585.4489164,1.0759E-09
585.7585139,1.07476E-09
586.0681115,1.07362E-09
586.377709,1.07249E-09
586.6873065,1.07136E-09
586.996904,1.07023E-09
587.3065015,1.0691E-09
587.6160991,1.06798E-09
587.9256966,1.06685E-09
588.2352941,1.06573E-09
588.5448916,1.06461E-09
588.8544892,1.06349E-09
589.1640867,1.06237E-09
589.4736842,1.06126E-09
589.7832817,1.06014E-09
590.0928793,1.05903E-09
590.4024768,1.05792E-09
590.7120743,1.05681E-09
591.0216718,1.0557E-09
591.3312693,1.0546E-09
591.6408669,1.05349E-09
591.9504644,1.05239E-09
592.2600619,1.05129E-09
592.5696594,1.05019E-09
592.879257,1.0491E-09
593.1888545,1.048E-09
593.498452,1.04691E-09
593.8080495,1.04582E-09
594.1176471,1.04473E-09
594.4272446,1.04364E-09
594.7368421,1.04256E-09
595.0464396,1.04147E-09
595.3560372,1.04039E-09
595.6656347,1.03931E-09
595.9752322,1.03823E-09
596.2848297,1.03715E-09
596.5944272,1.03607E-09
596.9040248,1.035E-09
597.2136223,1.03393E-09
597.5232198,1.03285E-09
597.8328173,1.03178E-09
598.1424149,1.03072E-09
598.4520124,1.02965E-09
598.7616099,1.02859E-09
599.0712074,1.02752E-09
599.380805,1.02646E-09
599.6904025,1.0254E-09
600,1.02434E-09
600.3095975,1.02329E-09
600.619195,1.02223E-09
600.9287926,1.02118E-09
601.2383901,1.02013E-09
601.5479876,1.01908E-09
601.8575851,1.01803E-09
602.1671827,1.01698E-09
602.4767802,1.01594E-09
602.7863777,1.0149E-09
603.0959752,1.01385E-09
603.4055728,1.01281E-09
603.7151703,1.01178E-09
604.0247678,1.01074E-09
604.3343653,1.0097E-09
604.6439628,1.00867E-09
604.9535604,1.00764E-09
605.2631579,1.00661E-09
605.5727554,1.00558E-09
605.8823529,1.00455E-09
606.1919505,1.00353E-09
606.501548,1.0025E-09
606.8111455,1.00148E-09
607.120743,1.00046E-09
607.4303406,9.99438E-10
607.7399381,9.9842E-10
608.0495356,9.97403E-10
608.3591331,9.96388E-10
608.6687307,9.95375E-10
608.9783282,9.94363E-10
609.2879257,9.93353E-10
609.5975232,9.92344E-10
609.9071207,9.91337E-10
610.2167183,9.90331E-10
610.5263158,9.89327E-10
610.8359133,9.88325E-10
611.1455108,9.87323E-10
611.4551084,9.86324E-10
611.7647059,9.85326E-10
612.0743034,9.84329E-10
612.3839009,9.83334E-10
612.6934985,9.82341E-10
613.003096,9.81349E-10
613.3126935,9.80358E-10
613.622291,9.79369E-10
613.9318885,9.78382E-10
614.2414861,9.77396E-10
614.5510836,9.76411E-10
614.8606811,9.75428E-10
615.1702786,9.74447E-10
615.4798762,9.73466E-10
615.7894737,9.72488E-10
616.0990712,9.71511E-10
616.4086687,9.70535E-10
616.7182663,9.69561E-10
617.0278638,9.68588E-10
617.3374613,9.67617E-10
617.6470588,9.66647E-10
617.9566563,9.65679E-10
618.2662539,9.64712E-10
618.5758514,9.63746E-10
618.8854489,9.62782E-10
619.1950464,9.6182E-10
619.504644,9.60859E-10
619.8142415,9.59899E-10
620.123839,9.58941E-10
620.4334365,9.57984E-10
620.7430341,9.57029E-10
621.0526316,9.56075E-10
621.3622291,9.55122E-10
621.6718266,9.54171E-10
621.9814241,9.53222E-10
622.2910217,9.52273E-10
622.6006192,9.51327E-10
622.9102167,9.50381E-10
623.2198142,9.49437E-10
623.5294118,9.48494E-10
623.8390093,9.47553E-10
624.1486068,9.46613E-10
624.4582043,9.45675E-10
624.7678019,9.44738E-10
625.0773994,9.43802E-10
625.3869969,9.42868E-10
625.6965944,9.41935E-10
626.006192,9.41004E-10
626.3157895,9.40074E-10
626.625387,9.39145E-10
626.9349845,9.38218E-10
627.244582,9.37292E-10
627.5541796,9.36367E-10
627.8637771,9.35444E-10
628.1733746,9.34522E-10
628.4829721,9.33602E-10
628.7925697,9.32683E-10
629.1021672,9.31765E-10
629.4117647,9.30848E-10
629.7213622,9.29933E-10
630.0309598,9.2902E-10
630.3405573,9.28107E-10
630.6501548,9.27196E-10
630.9597523,9.26287E-10
631.2693498,9.25378E-10
631.5789474,9.24471E-10
631.8885449,9.23566E-10
632.1981424,9.22661E-10
632.5077399,9.21758E-10
632.8173375,9.20857E-10
633.126935,9.19956E-10
633.4365325,9.19057E-10
633.74613,9.18159E-10
634.0557276,9.17263E-10
634.3653251,9.16368E-10
634.6749226,9.15474E-10
634.9845201,9.14582E-10
635.2941176,9.1369E-10
635.6037152,9.128E-10
635.9133127,9.11912E-10
636.2229102,9.11025E-10
636.5325077,9.10139E-10
636.8421053,9.09254E-10
637.1517028,9.0837E-10
637.4613003,9.07488E-10
637.7708978,9.06607E-10
638.0804954,9.05728E-10
638.3900929,9.0485E-10
638.6996904,9.03973E-10
639.0092879,9.03097E-10
639.3188854,9.02222E-10
639.628483,9.01349E-10
639.9380805,9.00477E-10
640.247678,8.99607E-10
640.5572755,8.98737E-10
640.8668731,8.97869E-10
641.1764706,8.97002E-10
641.4860681,8.96137E-10
641.7956656,8.95272E-10
642.1052632,8.94409E-10
642.4148607,8.93547E-10
642.7244582,8.92687E-10
643.0340557,8.91827E-10
643.3436533,8.90969E-10
643.6532508,8.90112E-10
643.9628483,8.89257E-10
644.2724458,8.88402E-10
644.5820433,8.87549E-10
644.8916409,8.86697E-10
645.2012384,8.85846E-10
645.5108359,8.84997E-10
645.8204334,8.84148E-10
646.130031,8.83301E-10
646.4396285,8.82455E-10
646.749226,8.81611E-10
647.0588235,8.80767E-10
647.3684211,8.79925E-10
647.6780186,8.79084E-10
647.9876161,8.78244E-10
648.2972136,8.77406E-10
648.6068111,8.76568E-10
648.9164087,8.75732E-10
649.2260062,8.74897E-10
649.5356037,8.74063E-10
649.8452012,8.7323E-10
650.1547988,8.72399E-10
650.4643963,8.71569E-10
650.7739938,8.7074E-10
651.0835913,8.69912E-10
651.3931889,8.69085E-10
651.7027864,8.6826E-10
652.0123839,8.67435E-10
652.3219814,8.66612E-10
652.6315789,8.6579E-10
652.9411765,8.64969E-10
653.250774,8.64149E-10
653.5603715,8.63331E-10
653.869969,8.62514E-10
654.1795666,8.61697E-10
654.4891641,8.60882E-10
654.7987616,8.60068E-10
655.1083591,8.59256E-10
655.4179567,8.58444E-10
655.7275542,8.57634E-10
656.0371517,8.56824E-10
656.3467492,8.56016E-10
656.6563467,8.55209E-10
656.9659443,8.54403E-10
657.2755418,8.53599E-10
657.5851393,8.52795E-10
657.8947368,8.51993E-10
658.2043344,8.51191E-10
658.5139319,8.50391E-10
658.8235294,8.49592E-10
659.1331269,8.48794E-10
659.4427245,8.47997E-10
659.752322,8.47202E-10
660.0619195,8.46407E-10
660.371517,8.45614E-10
660.6811146,8.44821E-10
660.9907121,8.4403E-10
661.3003096,8.4324E-10
661.6099071,8.42451E-10
661.9195046,8.41663E-10
662.2291022,8.40876E-10
662.5386997,8.40091E-10
662.8482972,8.39306E-10
663.1578947,8.38523E-10
663.4674923,8.3774E-10
663.7770898,8.36959E-10
664.0866873,8.36179E-10
664.3962848,8.354E-10
664.7058824,8.34622E-10
665.0154799,8.33845E-10
665.3250774,8.33069E-10
665.6346749,8.32294E-10
665.9442724,8.3152E-10
666.25387,8.30748E-10
666.5634675,8.29976E-10
666.873065,8.29206E-10
667.1826625,8.28436E-10
667.4922601,8.27668E-10
667.8018576,8.26901E-10
668.1114551,8.26135E-10
668.4210526,8.2537E-10
668.7306502,8.24606E-10
669.0402477,8.23843E-10
669.3498452,8.23081E-10
669.6594427,8.2232E-10
669.9690402,8.2156E-10
670.2786378,8.20801E-10
670.5882353,8.20043E-10
670.8978328,8.19287E-10
671.2074303,8.18531E-10
671.5170279,8.17777E-10
671.8266254,8.17023E-10
672.1362229,8.1627E-10
672.4458204,8.15519E-10
672.755418,8.14769E-10
673.0650155,8.14019E-10
673.374613,8.13271E-10
673.6842105,8.12524E-10
673.993808,8.11777E-10
674.3034056,8.11032E-10
674.6130031,8.10288E-10
674.9226006,8.09545E-10
675.2321981,8.08802E-10
675.5417957,8.08061E-10
675.8513932,8.07321E-10
676.1609907,8.06582E-10
676.4705882,8.05844E-10
676.7801858,8.05107E-10
677.0897833,8.04371E-10
677.3993808,8.03635E-10
677.7089783,8.02901E-10
678.0185759,8.02168E-10
678.3281734,8.01436E-10
678.6377709,8.00705E-10
678.9473684,7.99975E-10
679.2569659,7.99246E-10
679.5665635,7.98518E-10
679.876161,7.97791E-10
680.1857585,7.97065E-10
680.495356,7.9634E-10
680.8049536,7.95616E-10
681.1145511,7.94892E-10
681.4241486,7.9417E-10
681.7337461,7.93449E-10
682.0433437,7.92729E-10
682.3529412,7.9201E-10
682.6625387,7.91292E-10
682.9721362,7.90574E-10
683.2817337,7.89858E-10
683.5913313,7.89143E-10
683.9009288,7.88428E-10
684.2105263,7.87715E-10
684.5201238,7.87003E-10
684.8297214,7.86291E-10
685.1393189,7.85581E-10
685.4489164,7.84871E-10
685.7585139,7.84163E-10
686.0681115,7.83455E-10
686.377709,7.82749E-10
686.6873065,7.82043E-10
686.996904,7.81338E-10
687.3065015,7.80635E-10
687.6160991,7.79932E-10
687.9256966,7.7923E-10
688.2352941,7.78529E-10
688.5448916,7.77829E-10
688.8544892,7.7713E-10
689.1640867,7.76432E-10
689.4736842,7.75735E-10
689.7832817,7.75039E-10
690.0928793,7.74343E-10
690.4024768,7.73649E-10
690.7120743,7.72956E-10
691.0216718,7.72263E-10
691.3312693,7.71572E-10
691.6408669,7.70881E-10
691.9504644,7.70191E-10
692.2600619,7.69503E-10
692.5696594,7.68815E-10
692.879257,7.68128E-10
693.1888545,7.67442E-10
693.498452,7.66757E-10
693.8080495,7.66073E-10
694.1176471,7.6539E-10
694.4272446,7.64707E-10
694.7368421,7.64026E-10
695.0464396,7.63345E-10
695.3560372,7.62666E-10
695.6656347,7.61987E-10
695.9752322,7.61309E-10
696.2848297,7.60632E-10
696.5944272,7.59956E-10
696.9040248,7.59281E-10
697.2136223,7.58607E-10
697.5232198,7.57934E-10
697.8328173,7.57262E-10
698.1424149,7.5659E-10
698.4520124,7.5592E-10
698.7616099,7.5525E-10
699.0712074,7.54581E-10
699.380805,7.53913E-10
699.6904025,7.53246E-10
700,7.5258E-10
700.3095975,7.51915E-10
700.619195,7.5125E-10
700.9287926,7.50587E-10
701.2383901,7.49924E-10
701.5479876,7.49262E-10
701.8575851,7.48602E-10
702.1671827,7.47942E-10
702.4767802,7.47282E-10
702.7863777,7.46624E-10
703.0959752,7.45967E-10
703.4055728,7.4531E-10
703.7151703,7.44655E-10
704.0247678,7.44E-10
704.3343653,7.43346E-10
704.6439628,7.42693E-10
704.9535604,7.42041E-10
705.2631579,7.41389E-10
705.5727554,7.40739E-10
705.8823529,7.40089E-10
706.1919505,7.3944E-10
706.501548,7.38792E-10
706.8111455,7.38145E-10
707.120743,7.37499E-10
707.4303406,7.36854E-10
707.7399381,7.36209E-10
708.0495356,7.35566E-10
708.3591331,7.34923E-10
708.6687307,7.34281E-10
708.9783282,7.3364E-10
709.2879257,7.32999E-10
709.5975232,7.3236E-10
709.9071207,7.31721E-10
710.2167183,7.31083E-10
710.5263158,7.30446E-10
710.8359133,7.2981E-10
711.1455108,7.29175E-10
711.4551084,7.2854E-10
711.7647059,7.27907E-10
712.0743034,7.27274E-10
712.3839009,7.26642E-10
712.6934985,7.26011E-10
713.003096,7.2538E-10
713.3126935,7.24751E-10
713.622291,7.24122E-10
713.9318885,7.23494E-10
714.2414861,7.22867E-10
714.5510836,7.22241E-10
714.8606811,7.21616E-10
715.1702786,7.20991E-10
715.4798762,7.20367E-10
715.7894737,7.19744E-10
716.0990712,7.19122E-10
716.4086687,7.185E-10
716.7182663,7.1788E-10
717.0278638,7.1726E-10
717.3374613,7.16641E-10
717.6470588,7.16023E-10
717.9566563,7.15405E-10
718.2662539,7.14789E-10
718.5758514,7.14173E-10
718.8854489,7.13558E-10
719.1950464,7.12944E-10
719.504644,7.1233E-10
719.8142415,7.11718E-10
720.123839,7.11106E-10
720.4334365,7.10495E-10
720.7430341,7.09885E-10
721.0526316,7.09275E-10
721.3622291,7.08666E-10
721.6718266,7.08059E-10
721.9814241,7.07451E-10
722.2910217,7.06845E-10
722.6006192,7.0624E-10
722.9102167,7.05635E-10
723.2198142,7.05031E-10
723.5294118,7.04428E-10
723.8390093,7.03825E-10
724.1486068,7.03223E-10
724.4582043,7.02622E-10
724.7678019,7.02022E-10
725.0773994,7.01423E-10
725.3869969,7.00824E-10
725.6965944,7.00226E-10
726.006192,6.99629E-10
726.3157895,6.99033E-10
726.625387,6.98438E-10
726.9349845,6.97843E-10
727.244582,6.97249E-10
727.5541796,6.96655E-10
727.8637771,6.96063E-10
728.1733746,6.95471E-10
728.4829721,6.9488E-10
728.7925697,6.9429E-10
729.1021672,6.937E-10
729.4117647,6.93112E-10
729.7213622,6.92524E-10
730.0309598,6.91936E-10
730.3405573,6.9135E-10
730.6501548,6.90764E-10
730.9597523,6.90179E-10
731.2693498,6.89595E-10
731.5789474,6.89011E-10
731.8885449,6.88428E-10
732.1981424,6.87846E-10
732.5077399,6.87265E-10
732.8173375,6.86684E-10
733.126935,6.86105E-10
733.4365325,6.85526E-10
733.74613,6.84947E-10
734.0557276,6.84369E-10
734.3653251,6.83793E-10
734.6749226,6.83216E-10
734.9845201,6.82641E-10
735.2941176,6.82066E-10
735.6037152,6.81492E-10
735.9133127,6.80919E-10
736.2229102,6.80346E-10
736.5325077,6.79774E-10
736.8421053,6.79203E-10
737.1517028,6.78633E-10
737.4613003,6.78063E-10
737.7708978,6.77494E-10
738.0804954,6.76926E-10
738.3900929,6.76359E-10
738.6996904,6.75792E-10
739.0092879,6.75226E-10
739.3188854,6.7466E-10
739.628483,6.74096E-10
739.9380805,6.73532E-10
740.247678,6.72968E-10
740.5572755,6.72406E-10
740.8668731,6.71844E-10
741.1764706,6.71283E-10
741.4860681,6.70722E-10
741.7956656,6.70162E-10
742.1052632,6.69603E-10
742.4148607,6.69045E-10
742.7244582,6.68487E-10
743.0340557,6.6793E-10
743.3436533,6.67374E-10
743.6532508,6.66819E-10
743.9628483,6.66264E-10
744.2724458,6.6571E-10
744.5820433,6.65156E-10
744.8916409,6.64603E-10
745.2012384,6.64051E-10
745.5108359,6.635E-10
745.8204334,6.62949E-10
746.130031,6.62399E-10
746.4396285,6.6185E-10
746.749226,6.61301E-10
747.0588235,6.60753E-10
747.3684211,6.60206E-10
747.6780186,6.59659E-10
747.9876161,6.59113E-10
748.2972136,6.58568E-10
748.6068111,6.58023E-10
748.9164087,6.57479E-10
749.2260062,6.56936E-10
749.5356037,6.56393E-10
749.8452012,6.55851E-10
750.1547988,6.5531E-10
750.4643963,6.5477E-10
750.7739938,6.5423E-10
751.0835913,6.5369E-10
751.3931889,6.53152E-10
751.7027864,6.52614E-10
752.0123839,6.52077E-10
752.3219814,6.5154E-10
752.6315789,6.51004E-10
752.9411765,6.50469E-10
753.250774,6.49934E-10
753.5603715,6.494E-10
753.869969,6.48867E-10
754.1795666,6.48335E-10
754.4891641,6.47803E-10
754.7987616,6.47271E-10
755.1083591,6.46741E-10
755.4179567,6.46211E-10
755.7275542,6.45681E-10
756.0371517,6.45153E-10
756.3467492,6.44625E-10
756.6563467,6.44097E-10
756.9659443,6.4357E-10
757.2755418,6.43044E-10
757.5851393,6.42519E-10
757.8947368,6.41994E-10
758.2043344,6.4147E-10
758.5139319,6.40946E-10
758.8235294,6.40423E-10
759.1331269,6.39901E-10
759.4427245,6.39379E-10
759.752322,6.38858E-10
760.0619195,6.38338E-10
760.371517,6.37818E-10
760.6811146,6.37299E-10
760.9907121,6.36781E-10
761.3003096,6.36263E-10
761.6099071,6.35746E-10
761.9195046,6.35229E-10
762.2291022,6.34713E-10
762.5386997,6.34198E-10
762.8482972,6.33683E-10
763.1578947,6.33169E-10
763.4674923,6.32656E-10
763.7770898,6.32143E-10
764.0866873,6.31631E-10
764.3962848,6.31119E-10
764.7058824,6.30609E-10
765.0154799,6.30098E-10
765.3250774,6.29589E-10
765.6346749,6.29079E-10
765.9442724,6.28571E-10
766.25387,6.28063E-10
766.5634675,6.27556E-10
766.873065,6.27049E-10
767.1826625,6.26543E-10
767.4922601,6.26038E-10
767.8018576,6.25533E-10
768.1114551,6.25029E-10
768.4210526,6.24526E-10
768.7306502,6.24023E-10
769.0402477,6.2352E-10
769.3498452,6.23019E-10
769.6594427,6.22517E-10
769.9690402,6.22017E-10
770.2786378,6.21517E-10
770.5882353,6.21018E-10
770.8978328,6.20519E-10
771.2074303,6.20021E-10
771.5170279,6.19523E-10
771.8266254,6.19026E-10
772.1362229,6.1853E-10
772.4458204,6.18034E-10
772.755418,6.17539E-10
773.0650155,6.17045E-10
773.374613,6.16551E-10
773.6842105,6.16057E-10
773.993808,6.15565E-10
774.3034056,6.15073E-10
774.6130031,6.14581E-10
774.9226006,6.1409E-10
775.2321981,6.136E-10
775.5417957,6.1311E-10
775.8513932,6.12621E-10
776.1609907,6.12132E-10
776.4705882,6.11644E-10
776.7801858,6.11156E-10
777.0897833,6.1067E-10
777.3993808,6.10183E-10
777.7089783,6.09698E-10
778.0185759,6.09212E-10
778.3281734,6.08728E-10
778.6377709,6.08244E-10
778.9473684,6.07761E-10
779.2569659,6.07278E-10
779.5665635,6.06795E-10
779.876161,6.06314E-10
780.1857585,6.05833E-10
780.495356,6.05352E-10
780.8049536,6.04872E-10
781.1145511,6.04393E-10
781.4241486,6.03914E-10
781.7337461,6.03436E-10
782.0433437,6.02958E-10
782.3529412,6.02481E-10
782.6625387,6.02004E-10
782.9721362,6.01528E-10
783.2817337,6.01053E-10
783.5913313,6.00578E-10
783.9009288,6.00104E-10
784.2105263,5.9963E-10
784.5201238,5.99157E-10
784.8297214,5.98684E-10
785.1393189,5.98212E-10
785.4489164,5.97741E-10
785.7585139,5.9727E-10
786.0681115,5.96799E-10
786.377709,5.9633E-10
786.6873065,5.9586E-10
786.996904,5.95392E-10
787.3065015,5.94923E-10
787.6160991,5.94456E-10
787.9256966,5.93989E-10
788.2352941,5.93522E-10
788.5448916,5.93056E-10
788.8544892,5.92591E-10
789.1640867,5.92126E-10
789.4736842,5.91662E-10
789.7832817,5.91198E-10
790.0928793,5.90735E-10
790.4024768,5.90272E-10
790.7120743,5.8981E-10
791.0216718,5.89348E-10
791.3312693,5.88887E-10
791.6408669,5.88427E-10
791.9504644,5.87967E-10
792.2600619,5.87507E-10
792.5696594,5.87048E-10
792.879257,5.8659E-10
793.1888545,5.86132E-10
793.498452,5.85675E-10
793.8080495,5.85218E-10
794.1176471,5.84762E-10
794.4272446,5.84306E-10
794.7368421,5.83851E-10
795.0464396,5.83396E-10
795.3560372,5.82942E-10
795.6656347,5.82489E-10
795.9752322,5.82036E-10
796.2848297,5.81583E-10
796.5944272,5.81131E-10
796.9040248,5.8068E-10
797.2136223,5.80229E-10
797.5232198,5.79778E-10
797.8328173,5.79329E-10
798.1424149,5.78879E-10
798.4520124,5.7843E-10
798.7616099,5.77982E-10
799.0712074,5.77534E-10
799.380805,5.77087E-10
799.6904025,5.7664E-10
800,5.76194E-10
800.3095975,5.75748E-10
800.619195,5.75303E-10
800.9287926,5.74858E-10
801.2383901,5.74414E-10
801.5479876,5.73971E-10
801.8575851,5.73527E-10
802.1671827,5.73085E-10
802.4767802,5.72643E-10
802.7863777,5.72201E-10
803.0959752,5.7176E-10
803.4055728,5.71319E-10
803.7151703,5.70879E-10
804.0247678,5.7044E-10
804.3343653,5.70001E-10
804.6439628,5.69562E-10
804.9535604,5.69124E-10
805.2631579,5.68687E-10
805.5727554,5.6825E-10
805.8823529,5.67813E-10
806.1919505,5.67377E-10
806.501548,5.66942E-10
806.8111455,5.66507E-10
807.120743,5.66072E-10
807.4303406,5.65638E-10
807.7399381,5.65204E-10
808.0495356,5.64771E-10
808.3591331,5.64339E-10
808.6687307,5.63907E-10
808.9783282,5.63475E-10
809.2879257,5.63044E-10
809.5975232,5.62614E-10
809.9071207,5.62184E-10
810.2167183,5.61754E-10
810.5263158,5.61325E-10
810.8359133,5.60897E-10
811.1455108,5.60468E-10
811.4551084,5.60041E-10
811.7647059,5.59614E-10
812.0743034,5.59187E-10
812.3839009,5.58761E-10
812.6934985,5.58335E-10
813.003096,5.5791E-10
813.3126935,5.57486E-10
813.622291,5.57061E-10
813.9318885,5.56638E-10
814.2414861,5.56214E-10
814.5510836,5.55792E-10
814.8606811,5.55369E-10
815.1702786,5.54948E-10
815.4798762,5.54526E-10
815.7894737,5.54106E-10
816.0990712,5.53685E-10
816.4086687,5.53265E-10
816.7182663,5.52846E-10
817.0278638,5.52427E-10
817.3374613,5.52009E-10
817.6470588,5.51591E-10
817.9566563,5.51173E-10
818.2662539,5.50756E-10
818.5758514,5.5034E-10
818.8854489,5.49924E-10
819.1950464,5.49508E-10
819.504644,5.49093E-10
819.8142415,5.48678E-10
820.123839,5.48264E-10
820.4334365,5.4785E-10
820.7430341,5.47437E-10
821.0526316,5.47024E-10
821.3622291,5.46612E-10
821.6718266,5.462E-10
821.9814241,5.45789E-10
822.2910217,5.45378E-10
822.6006192,5.44968E-10
822.9102167,5.44558E-10
823.2198142,5.44148E-10
823.5294118,5.43739E-10
823.8390093,5.4333E-10
824.1486068,5.42922E-10
824.4582043,5.42515E-10
824.7678019,5.42107E-10
825.0773994,5.41701E-10
825.3869969,5.41294E-10
825.6965944,5.40888E-10
826.006192,5.40483E-10
826.3157895,5.40078E-10
826.625387,5.39674E-10
826.9349845,5.3927E-10
827.244582,5.38866E-10
827.5541796,5.38463E-10
827.8637771,5.3806E-10
828.1733746,5.37658E-10
828.4829721,5.37256E-10
828.7925697,5.36855E-10
829.1021672,5.36454E-10
829.4117647,5.36054E-10
829.7213622,5.35654E-10
830.0309598,5.35254E-10
830.3405573,5.34855E-10
830.6501548,5.34457E-10
830.9597523,5.34058E-10
831.2693498,5.33661E-10
831.5789474,5.33263E-10
831.8885449,5.32866E-10
832.1981424,5.3247E-10
832.5077399,5.32074E-10
832.8173375,5.31679E-10
833.126935,5.31284E-10
833.4365325,5.30889E-10
833.74613,5.30495E-10
834.0557276,5.30101E-10
834.3653251,5.29708E-10
834.6749226,5.29315E-10
834.9845201,5.28922E-10
835.2941176,5.2853E-10
835.6037152,5.28139E-10
835.9133127,5.27748E-10
836.2229102,5.27357E-10
836.5325077,5.26967E-10
836.8421053,5.26577E-10
837.1517028,5.26187E-10
837.4613003,5.25798E-10
837.7708978,5.2541E-10
838.0804954,5.25022E-10
838.3900929,5.24634E-10
838.6996904,5.24247E-10
839.0092879,5.2386E-10
839.3188854,5.23474E-10
839.628483,5.23088E-10
839.9380805,5.22702E-10
840.247678,5.22317E-10
840.5572755,5.21932E-10
840.8668731,5.21548E-10
841.1764706,5.21164E-10
841.4860681,5.20781E-10
841.7956656,5.20398E-10
842.1052632,5.20015E-10
842.4148607,5.19633E-10
842.7244582,5.19251E-10
843.0340557,5.1887E-10
843.3436533,5.18489E-10
843.6532508,5.18109E-10
843.9628483,5.17728E-10
844.2724458,5.17349E-10
844.5820433,5.1697E-10
844.8916409,5.16591E-10
845.2012384,5.16212E-10
845.5108359,5.15834E-10
845.8204334,5.15457E-10
846.130031,5.1508E-10
846.4396285,5.14703E-10
846.749226,5.14327E-10
847.0588235,5.13951E-10
847.3684211,5.13575E-10
847.6780186,5.132E-10
847.9876161,5.12826E-10
848.2972136,5.12451E-10
848.6068111,5.12077E-10
848.9164087,5.11704E-10
849.2260062,5.11331E-10
849.5356037,5.10958E-10
849.8452012,5.10586E-10
850.1547988,5.10214E-10
850.4643963,5.09843E-10
850.7739938,5.09472E-10
851.0835913,5.09101E-10
851.3931889,5.08731E-10
851.7027864,5.08361E-10
852.0123839,5.07992E-10
852.3219814,5.07623E-10
852.6315789,5.07254E-10
852.9411765,5.06886E-10
853.250774,5.06519E-10
853.5603715,5.06151E-10
853.869969,5.05784E-10
854.1795666,5.05418E-10
854.4891641,5.05051E-10
854.7987616,5.04686E-10
855.1083591,5.0432E-10
855.4179567,5.03955E-10
855.7275542,5.03591E-10
856.0371517,5.03226E-10
856.3467492,5.02863E-10
856.6563467,5.02499E-10
856.9659443,5.02136E-10
857.2755418,5.01774E-10
857.5851393,5.01411E-10
857.8947368,5.0105E-10
858.2043344,5.00688E-10
858.5139319,5.00327E-10
858.8235294,4.99966E-10
859.1331269,4.99606E-10
859.4427245,4.99246E-10
859.752322,4.98887E-10
860.0619195,4.98528E-10
860.371517,4.98169E-10
860.6811146,4.97811E-10
860.9907121,4.97453E-10
861.3003096,4.97095E-10
861.6099071,4.96738E-10
861.9195046,4.96381E-10
862.2291022,4.96025E-10
862.5386997,4.95669E-10
862.8482972,4.95313E-10
863.1578947,4.94958E-10
863.4674923,4.94603E-10
863.7770898,4.94248E-10
864.0866873,4.93894E-10
864.3962848,4.93541E-10
864.7058824,4.93187E-10
865.0154799,4.92834E-10
865.3250774,4.92482E-10
865.6346749,4.9213E-10
865.9442724,4.91778E-10
866.25387,4.91426E-10
866.5634675,4.91075E-10
866.873065,4.90724E-10
867.1826625,4.90374E-10
867.4922601,4.90024E-10
867.8018576,4.89675E-10
868.1114551,4.89325E-10
868.4210526,4.88977E-10
868.7306502,4.88628E-10
869.0402477,4.8828E-10
869.3498452,4.87932E-10
869.6594427,4.87585E-10
869.9690402,4.87238E-10
870.2786378,4.86891E-10
870.5882353,4.86545E-10
870.8978328,4.86199E-10
871.2074303,4.85854E-10
871.5170279,4.85509E-10
871.8266254,4.85164E-10
872.1362229,4.84819E-10
872.4458204,4.84475E-10
872.755418,4.84132E-10
873.0650155,4.83788E-10
873.374613,4.83446E-10
873.6842105,4.83103E-10
873.993808,4.82761E-10
874.3034056,4.82419E-10
874.6130031,4.82077E-10
874.9226006,4.81736E-10
875.2321981,4.81396E-10
875.5417957,4.81055E-10
875.8513932,4.80715E-10
876.1609907,4.80376E-10
876.4705882,4.80036E-10
876.7801858,4.79697E-10
877.0897833,4.79359E-10
877.3993808,4.7902E-10
877.7089783,4.78683E-10
878.0185759,4.78345E-10
878.3281734,4.78008E-10
878.6377709,4.77671E-10
878.9473684,4.77335E-10
879.2569659,4.76999E-10
879.5665635,4.76663E-10
879.876161,4.76327E-10
880.1857585,4.75992E-10
880.495356,4.75658E-10
880.8049536,4.75323E-10
881.1145511,4.74989E-10
881.4241486,4.74656E-10
881.7337461,4.74323E-10
882.0433437,4.7399E-10
882.3529412,4.73657E-10
882.6625387,4.73325E-10
882.9721362,4.72993E-10
883.2817337,4.72661E-10
883.5913313,4.7233E-10
883.9009288,4.71999E-10
884.2105263,4.71669E-10
884.5201238,4.71339E-10
884.8297214,4.71009E-10
885.1393189,4.7068E-10
885.4489164,4.70351E-10
885.7585139,4.70022E-10
886.0681115,4.69693E-10
886.377709,4.69365E-10
886.6873065,4.69038E-10
886.996904,4.6871E-10
887.3065015,4.68383E-10
887.6160991,4.68057E-10
887.9256966,4.6773E-10
888.2352941,4.67404E-10
888.5448916,4.67079E-10
888.8544892,4.66753E-10
889.1640867,4.66428E-10
889.4736842,4.66104E-10
889.7832817,4.65779E-10
890.0928793,4.65455E-10
890.4024768,4.65132E-10
890.7120743,4.64808E-10
891.0216718,4.64486E-10
891.3312693,4.64163E-10
891.6408669,4.63841E-10
891.9504644,4.63519E-10
892.2600619,4.63197E-10
892.5696594,4.62876E-10
892.879257,4.62555E-10
893.1888545,4.62234E-10
893.498452,4.61914E-10
893.8080495,4.61594E-10
894.1176471,4.61274E-10
894.4272446,4.60955E-10
894.7368421,4.60636E-10
895.0464396,4.60318E-10
895.3560372,4.59999E-10
895.6656347,4.59681E-10
895.9752322,4.59364E-10
896.2848297,4.59046E-10
896.5944272,4.58729E-10
896.9040248,4.58413E-10
897.2136223,4.58097E-10
897.5232198,4.57781E-10
897.8328173,4.57465E-10
898.1424149,4.5715E-10
898.4520124,4.56835E-10
898.7616099,4.5652E-10
899.0712074,4.56206E-10
899.380805,4.55891E-10
899.6904025,4.55578E-10
900,4.55264E-10
900.3095975,4.54951E-10
900.619195,4.54639E-10
900.9287926,4.54326E-10
901.2383901,4.54014E-10
901.5479876,4.53702E-10
901.8575851,4.53391E-10
902.1671827,4.5308E-10
902.4767802,4.52769E-10
902.7863777,4.52458E-10
903.0959752,4.52148E-10
903.4055728,4.51838E-10
903.7151703,4.51529E-10
904.0247678,4.5122E-10
904.3343653,4.50911E-10
904.6439628,4.50602E-10
904.9535604,4.50294E-10
905.2631579,4.49986E-10
905.5727554,4.49678E-10
905.8823529,4.49371E-10
906.1919505,4.49064E-10
906.501548,4.48757E-10
906.8111455,4.48451E-10
907.120743,4.48145E-10
907.4303406,4.47839E-10
907.7399381,4.47534E-10
908.0495356,4.47229E-10
908.3591331,4.46924E-10
908.6687307,4.46619E-10
908.9783282,4.46315E-10
909.2879257,4.46011E-10
909.5975232,4.45708E-10
909.9071207,4.45404E-10
910.2167183,4.45102E-10
910.5263158,4.44799E-10
910.8359133,4.44497E-10
911.1455108,4.44195E-10
911.4551084,4.43893E-10
911.7647059,4.43591E-10
912.0743034,4.4329E-10
912.3839009,4.4299E-10
912.6934985,4.42689E-10
913.003096,4.42389E-10
913.3126935,4.42089E-10
913.622291,4.41789E-10
913.9318885,4.4149E-10
914.2414861,4.41191E-10
914.5510836,4.40893E-10
914.8606811,4.40594E-10
915.1702786,4.40296E-10
915.4798762,4.39998E-10
915.7894737,4.39701E-10
916.0990712,4.39404E-10
916.4086687,4.39107E-10
916.7182663,4.3881E-10
917.0278638,4.38514E-10
917.3374613,4.38218E-10
917.6470588,4.37923E-10
917.9566563,4.37627E-10
918.2662539,4.37332E-10
918.5758514,4.37037E-10
918.8854489,4.36743E-10
919.1950464,4.36449E-10
919.504644,4.36155E-10
919.8142415,4.35861E-10
920.123839,4.35568E-10
920.4334365,4.35275E-10
920.7430341,4.34983E-10
921.0526316,4.3469E-10
921.3622291,4.34398E-10
921.6718266,4.34106E-10
921.9814241,4.33815E-10
922.2910217,4.33524E-10
922.6006192,4.33233E-10
922.9102167,4.32942E-10
923.2198142,4.32652E-10
923.5294118,4.32362E-10
923.8390093,4.32072E-10
924.1486068,4.31783E-10
924.4582043,4.31493E-10
924.7678019,4.31205E-10
925.0773994,4.30916E-10
925.3869969,4.30628E-10
925.6965944,4.3034E-10
926.006192,4.30052E-10
926.3157895,4.29765E-10
926.625387,4.29477E-10
926.9349845,4.29191E-10
927.244582,4.28904E-10
927.5541796,4.28618E-10
927.8637771,4.28332E-10
928.1733746,4.28046E-10
928.4829721,4.27761E-10
928.7925697,4.27476E-10
929.1021672,4.27191E-10
929.4117647,4.26906E-10
929.7213622,4.26622E-10
930.0309598,4.26338E-10
930.3405573,4.26054E-10
930.6501548,4.25771E-10
930.9597523,4.25488E-10
931.2693498,4.25205E-10
931.5789474,4.24922E-10
931.8885449,4.2464E-10
932.1981424,4.24358E-10
932.5077399,4.24076E-10
932.8173375,4.23795E-10
933.126935,4.23513E-10
933.4365325,4.23233E-10
933.74613,4.22952E-10
934.0557276,4.22672E-10
934.3653251,4.22392E-10
934.6749226,4.22112E-10
934.9845201,4.21832E-10
935.2941176,4.21553E-10
935.6037152,4.21274E-10
935.9133127,4.20995E-10
936.2229102,4.20717E-10
936.5325077,4.20439E-10
936.8421053,4.20161E-10
937.1517028,4.19884E-10
937.4613003,4.19606E-10
937.7708978,4.19329E-10
938.0804954,4.19053E-10
938.3900929,4.18776E-10
938.6996904,4.185E-10
939.0092879,4.18224E-10
939.3188854,4.17948E-10
939.628483,4.17673E-10
939.9380805,4.17398E-10
940.247678,4.17123E-10
940.5572755,4.16848E-10
940.8668731,4.16574E-10
941.1764706,4.163E-10
941.4860681,4.16026E-10
941.7956656,4.15753E-10
942.1052632,4.1548E-10
942.4148607,4.15207E-10
942.7244582,4.14934E-10
943.0340557,4.14662E-10
943.3436533,4.1439E-10
943.6532508,4.14118E-10
943.9628483,4.13846E-10
944.2724458,4.13575E-10
944.5820433,4.13304E-10
944.8916409,4.13033E-10
945.2012384,4.12762E-10
945.5108359,4.12492E-10
945.8204334,4.12222E-10
946.130031,4.11952E-10
946.4396285,4.11683E-10
946.749226,4.11414E-10
947.0588235,4.11145E-10
947.3684211,4.10876E-10
947.6780186,4.10608E-10
947.9876161,4.1034E-10
948.2972136,4.10072E-10
948.6068111,4.09804E-10
948.9164087,4.09537E-10
949.2260062,4.0927E-10
949.5356037,4.09003E-10
949.8452012,4.08736E-10
950.1547988,4.0847E-10
950.4643963,4.08204E-10
950.7739938,4.07938E-10
951.0835913,4.07672E-10
951.3931889,4.07407E-10
951.7027864,4.07142E-10
952.0123839,4.06877E-10
952.3219814,4.06613E-10
952.6315789,4.06349E-10
952.9411765,4.06085E-10
953.250774,4.05821E-10
953.5603715,4.05557E-10
953.869969,4.05294E-10
954.1795666,4.05031E-10
954.4891641,4.04768E-10
954.7987616,4.04506E-10
955.1083591,4.04244E-10
955.4179567,4.03982E-10
955.7275542,4.0372E-10
956.0371517,4.03459E-10
956.3467492,4.03198E-10
956.6563467,4.02937E-10
956.9659443,4.02676E-10
957.2755418,4.02416E-10
957.5851393,4.02155E-10
957.8947368,4.01895E-10
958.2043344,4.01636E-10
958.5139319,4.01376E-10
958.8235294,4.01117E-10
959.1331269,4.00858E-10
959.4427245,4.006E-10
959.752322,4.00341E-10
960.0619195,4.00083E-10
960.371517,3.99825E-10
960.6811146,3.99568E-10
960.9907121,3.9931E-10
961.3003096,3.99053E-10
961.6099071,3.98796E-10
961.9195046,3.98539E-10
962.2291022,3.98283E-10
962.5386997,3.98027E-10
962.8482972,3.97771E-10
963.1578947,3.97515E-10
963.4674923,3.9726E-10
963.7770898,3.97005E-10
964.0866873,3.9675E-10
964.3962848,3.96495E-10
964.7058824,3.9624E-10
965.0154799,3.95986E-10
965.3250774,3.95732E-10
965.6346749,3.95479E-10
965.9442724,3.95225E-10
966.25387,3.94972E-10
966.5634675,3.94719E-10
966.873065,3.94466E-10
967.1826625,3.94214E-10
967.4922601,3.93961E-10
967.8018576,3.93709E-10
968.1114551,3.93458E-10
968.4210526,3.93206E-10
968.7306502,3.92955E-10
969.0402477,3.92704E-10
969.3498452,3.92453E-10
969.6594427,3.92202E-10
969.9690402,3.91952E-10
970.2786378,3.91702E-10
970.5882353,3.91452E-10
970.8978328,3.91203E-10
971.2074303,3.90953E-10
971.5170279,3.90704E-10
971.8266254,3.90455E-10
972.1362229,3.90206E-10
972.4458204,3.89958E-10
972.755418,3.8971E-10
973.0650155,3.89462E-10
973.374613,3.89214E-10
973.6842105,3.88967E-10
973.993808,3.88719E-10
974.3034056,3.88472E-10
974.6130031,3.88226E-10
974.9226006,3.87979E-10
975.2321981,3.87733E-10
975.5417957,3.87487E-10
975.8513932,3.87241E-10
976.1609907,3.86995E-10
976.4705882,3.8675E-10
976.7801858,3.86505E-10
977.0897833,3.8626E-10
977.3993808,3.86015E-10
977.7089783,3.85771E-10
978.0185759,3.85527E-10
978.3281734,3.85283E-10
978.6377709,3.85039E-10
978.9473684,3.84796E-10
979.2569659,3.84552E-10
979.5665635,3.84309E-10
979.876161,3.84066E-10
980.1857585,3.83824E-10
980.495356,3.83581E-10
980.8049536,3.83339E-10
981.1145511,3.83097E-10
981.4241486,3.82856E-10
981.7337461,3.82614E-10
982.0433437,3.82373E-10
982.3529412,3.82132E-10
982.6625387,3.81891E-10
982.9721362,3.81651E-10
983.2817337,3.81411E-10
983.5913313,3.81171E-10
983.9009288,3.80931E-10
984.2105263,3.80691E-10
984.5201238,3.80452E-10
984.8297214,3.80213E-10
985.1393189,3.79974E-10
985.4489164,3.79735E-10
985.7585139,3.79496E-10
986.0681115,3.79258E-10
986.377709,3.7902E-10
986.6873065,3.78782E-10
986.996904,3.78545E-10
987.3065015,3.78307E-10
987.6160991,3.7807E-10
987.9256966,3.77833E-10
988.2352941,3.77597E-10
988.5448916,3.7736E-10
988.8544892,3.77124E-10
989.1640867,3.76888E-10
989.4736842,3.76652E-10
989.7832817,3.76416E-10
990.0928793,3.76181E-10
990.4024768,3.75946E-10
990.7120743,3.75711E-10
991.0216718,3.75476E-10
991.3312693,3.75242E-10
991.6408669,3.75007E-10
991.9504644,3.74773E-10
992.2600619,3.7454E-10
992.5696594,3.74306E-10
992.879257,3.74073E-10
993.1888545,3.73839E-10
993.498452,3.73606E-10
993.8080495,3.73374E-10
994.1176471,3.73141E-10
994.4272446,3.72909E-10
994.7368421,3.72677E-10
995.0464396,3.72445E-10
995.3560372,3.72213E-10
995.6656347,3.71982E-10
995.9752322,3.71751E-10
996.2848297,3.7152E-10
996.5944272,3.71289E-10
996.9040248,3.71058E-10
997.2136223,3.70828E-10
997.5232198,3.70598E-10
997.8328173,3.70368E-10
998.1424149,3.70138E-10
998.4520124,3.69908E-10
998.7616099,3.69679E-10
999.0712074,3.6945E-10
999.380805,3.69221E-10
999.6904025,3.68993E-10
1000,3.68764E-10
1000.309598,3.68536E-10
1000.619195,3.68308E-10
1000.928793,3.6808E-10
1001.23839,3.67853E-10
1001.547988,3.67625E-10
1001.857585,3.67398E-10
1002.167183,3.67171E-10
1002.47678,3.66944E-10
1002.786378,3.66718E-10
1003.095975,3.66491E-10
1003.405573,3.66265E-10
1003.71517,3.66039E-10
1004.024768,3.65814E-10
1004.334365,3.65588E-10
1004.643963,3.65363E-10
1004.95356,3.65138E-10
1005.263158,3.64913E-10
1005.572755,3.64688E-10
1005.882353,3.64464E-10
1006.19195,3.64239E-10
1006.501548,3.64015E-10
1006.811146,3.63792E-10
1007.120743,3.63568E-10
1007.430341,3.63345E-10
1007.739938,3.63121E-10
1008.049536,3.62898E-10
1008.359133,3.62676E-10
1008.668731,3.62453E-10
1008.978328,3.62231E-10
1009.287926,3.62008E-10
1009.597523,3.61786E-10
1009.907121,3.61565E-10
1010.216718,3.61343E-10
1010.526316,3.61122E-10
1010.835913,3.609E-10
1011.145511,3.60679E-10
1011.455108,3.60459E-10
1011.764706,3.60238E-10
1012.074303,3.60018E-10
1012.383901,3.59798E-10
1012.693498,3.59578E-10
1013.003096,3.59358E-10
1014,3.58652E-10
1015,3.57945E-10
1016,3.57241E-10
1017,3.56539E-10
1018,3.55839E-10
1019,3.55141E-10
1020,3.54445E-10
1021,3.53751E-10
1022,3.53059E-10
1023,3.52369E-10
1024,3.51681E-10
1025,3.50995E-10
1026,3.50311E-10
1027,3.49629E-10
1028,3.48949E-10
1029,3.48272E-10
1030,3.47596E-10
1031,3.46922E-10
1032,3.4625E-10
1033,3.4558E-10
1034,3.44911E-10
1035,3.44245E-10
1036,3.43581E-10
1037,3.42919E-10
1038,3.42258E-10
1039,3.416E-10
1040,3.40943E-10
1041,3.40288E-10
1042,3.39636E-10
1043,3.38985E-10
1044,3.38336E-10
1045,3.37688E-10
1046,3.37043E-10
1047,3.36399E-10
1048,3.35758E-10
1049,3.35118E-10
1050,3.3448E-10
1051,3.33844E-10
1052,3.33209E-10
1053,3.32577E-10
1054,3.31946E-10
1055,3.31317E-10
1056,3.3069E-10
1057,3.30064E-10
1058,3.29441E-10
1059,3.28819E-10
1060,3.28199E-10
1061,3.2758E-10
1062,3.26964E-10
1063,3.26349E-10
1064,3.25736E-10
1065,3.25124E-10
1066,3.24515E-10
1067,3.23907E-10
1068,3.233E-10
1069,3.22696E-10
1070,3.22093E-10
1071,3.21492E-10
1072,3.20892E-10
1073,3.20294E-10
1074,3.19698E-10
1075,3.19104E-10
1076,3.18511E-10
1077,3.1792E-10
1078,3.1733E-10
1079,3.16742E-10
1080,3.16156E-10
1081,3.15571E-10
1082,3.14988E-10
1083,3.14407E-10
1084,3.13827E-10
1085,3.13249E-10
1086,3.12672E-10
1087,3.12097E-10
1088,3.11524E-10
1089,3.10952E-10
1090,3.10381E-10
1091,3.09813E-10
1092,3.09246E-10
1093,3.0868E-10
1094,3.08116E-10
1095,3.07553E-10
1096,3.06992E-10
1097,3.06433E-10
1098,3.05875E-10
1099,3.05319E-10
1100,3.04764E-10
1101,3.0421E-10
1102,3.03659E-10
1103,3.03108E-10
1104,3.02559E-10
1105,3.02012E-10
1106,3.01466E-10
1107,3.00922E-10
1108,3.00379E-10
1109,2.99837E-10
1110,2.99297E-10
1111,2.98759E-10
1112,2.98222E-10
1113,2.97686E-10
1114,2.97152E-10
1115,2.96619E-10
1116,2.96088E-10
1117,2.95558E-10
1118,2.95029E-10
1119,2.94502E-10
1120,2.93977E-10
1121,2.93452E-10
1122,2.92929E-10
1123,2.92408E-10
1124,2.91888E-10
1125,2.91369E-10
1126,2.90852E-10
1127,2.90336E-10
1128,2.89821E-10
1129,2.89308E-10
1130,2.88796E-10
1131,2.88286E-10
1132,2.87777E-10
1133,2.87269E-10
1134,2.86763E-10
1135,2.86258E-10
1136,2.85754E-10
1137,2.85251E-10
1138,2.8475E-10
1139,2.84251E-10
1140,2.83752E-10
1141,2.83255E-10
1142,2.82759E-10
1143,2.82264E-10
1144,2.81771E-10
1145,2.81279E-10
1146,2.80789E-10
1147,2.80299E-10
1148,2.79811E-10
1149,2.79324E-10
1150,2.78839E-10
1151,2.78354E-10
1152,2.77871E-10
1153,2.7739E-10
1154,2.76909E-10
1155,2.7643E-10
1156,2.75952E-10
1157,2.75475E-10
1158,2.74999E-10
1159,2.74525E-10
1160,2.74052E-10
1161,2.7358E-10
1162,2.73109E-10
1163,2.7264E-10
1164,2.72172E-10
1165,2.71705E-10
1166,2.71239E-10
1167,2.70774E-10
1168,2.70311E-10
1169,2.69848E-10
1170,2.69387E-10
1171,2.68927E-10
1172,2.68469E-10
1173,2.68011E-10
1174,2.67555E-10
1175,2.67099E-10
1176,2.66645E-10
1177,2.66192E-10
1178,2.65741E-10
1179,2.6529E-10
1180,2.64841E-10
1181,2.64392E-10
1182,2.63945E-10
1183,2.63499E-10
1184,2.63054E-10
1185,2.6261E-10
1186,2.62168E-10
1187,2.61726E-10
1188,2.61286E-10
1189,2.60846E-10
1190,2.60408E-10
1191,2.59971E-10
1192,2.59535E-10
1193,2.591E-10
1194,2.58666E-10
1195,2.58234E-10
1196,2.57802E-10
1197,2.57371E-10
1198,2.56942E-10
1199,2.56514E-10
1200,2.56086E-10
1201,2.5566E-10
1202,2.55235E-10
1203,2.54811E-10
1204,2.54387E-10
1205,2.53965E-10
1206,2.53544E-10
1207,2.53124E-10
1208,2.52706E-10
1209,2.52288E-10
1210,2.51871E-10
1211,2.51455E-10
1212,2.5104E-10
1213,2.50627E-10
1214,2.50214E-10
1215,2.49802E-10
1216,2.49391E-10
1217,2.48982E-10
1218,2.48573E-10
1219,2.48165E-10
1220,2.47759E-10
1221,2.47353E-10
1222,2.46948E-10
1223,2.46545E-10
1224,2.46142E-10
1225,2.4574E-10
1226,2.4534E-10
1227,2.4494E-10
1228,2.44541E-10
1229,2.44143E-10
1230,2.43747E-10
1231,2.43351E-10
1232,2.42956E-10
1233,2.42562E-10
1234,2.42169E-10
1235,2.41777E-10
1236,2.41386E-10
1237,2.40996E-10
1238,2.40607E-10
1239,2.40218E-10
1240,2.39831E-10
1241,2.39445E-10
1242,2.39059E-10
1243,2.38675E-10
1244,2.38291E-10
1245,2.37909E-10
1246,2.37527E-10
1247,2.37146E-10
1248,2.36766E-10
1249,2.36387E-10
1250,2.36009E-10
1251,2.35632E-10
1252,2.35256E-10
1253,2.3488E-10
1254,2.34506E-10
1255,2.34132E-10
1256,2.3376E-10
1257,2.33388E-10
1258,2.33017E-10
1259,2.32647E-10
1260,2.32278E-10
1261,2.31909E-10
1262,2.31542E-10
1263,2.31176E-10
1264,2.3081E-10
1265,2.30445E-10
1266,2.30081E-10
1267,2.29718E-10
1268,2.29356E-10
1269,2.28995E-10
1270,2.28634E-10
1271,2.28275E-10
1272,2.27916E-10
1273,2.27558E-10
1274,2.27201E-10
1275,2.26845E-10
1276,2.26489E-10
1277,2.26135E-10
1278,2.25781E-10
1279,2.25428E-10
1280,2.25076E-10
1281,2.24725E-10
1282,2.24374E-10
1283,2.24024E-10
1284,2.23676E-10
1285,2.23328E-10
1286,2.2298E-10
1287,2.22634E-10
1288,2.22288E-10
1289,2.21944E-10
1290,2.216E-10
1291,2.21257E-10
1292,2.20914E-10
1293,2.20573E-10
1294,2.20232E-10
1295,2.19892E-10
1296,2.19553E-10
1297,2.19214E-10
1298,2.18877E-10
1299,2.1854E-10
1300,2.18204E-10
1301,2.17868E-10
1302,2.17534E-10
1303,2.172E-10
1304,2.16867E-10
1305,2.16535E-10
1306,2.16203E-10
1307,2.15873E-10
1308,2.15543E-10
1309,2.15213E-10
1310,2.14885E-10
1311,2.14557E-10
1312,2.1423E-10
1313,2.13904E-10
1314,2.13579E-10
1315,2.13254E-10
1316,2.1293E-10
1317,2.12607E-10
1318,2.12284E-10
1319,2.11963E-10
1320,2.11642E-10
1321,2.11321E-10
1322,2.11002E-10
1323,2.10683E-10
1324,2.10365E-10
1325,2.10047E-10
1326,2.09731E-10
1327,2.09415E-10
1328,2.09099E-10
1329,2.08785E-10
1330,2.08471E-10
1331,2.08158E-10
1332,2.07845E-10
1333,2.07534E-10
1334,2.07223E-10
1335,2.06912E-10
1336,2.06603E-10
1337,2.06294E-10
1338,2.05985E-10
1339,2.05678E-10
1340,2.05371E-10
1341,2.05065E-10
1342,2.04759E-10
1343,2.04455E-10
1344,2.0415E-10
1345,2.03847E-10
1346,2.03544E-10
1347,2.03242E-10
1348,2.02941E-10
1349,2.0264E-10
1350,2.0234E-10
1351,2.0204E-10
1352,2.01742E-10
1353,2.01443E-10
1354,2.01146E-10
1355,2.00849E-10
1356,2.00553E-10
1357,2.00258E-10
1358,1.99963E-10
1359,1.99669E-10
1360,1.99375E-10
1361,1.99082E-10
1362,1.9879E-10
1363,1.98498E-10
1364,1.98207E-10
1365,1.97917E-10
1366,1.97627E-10
1367,1.97338E-10
1368,1.9705E-10
1369,1.96762E-10
1370,1.96475E-10
1371,1.96189E-10
1372,1.95903E-10
1373,1.95617E-10
1374,1.95333E-10
1375,1.95049E-10
1376,1.94765E-10
1377,1.94483E-10
1378,1.942E-10
1379,1.93919E-10
1380,1.93638E-10
1381,1.93358E-10
1382,1.93078E-10
1383,1.92799E-10
1384,1.9252E-10
1385,1.92242E-10
1386,1.91965E-10
1387,1.91688E-10
1388,1.91412E-10
1389,1.91137E-10
1390,1.90862E-10
1391,1.90588E-10
1392,1.90314E-10
1393,1.90041E-10
1394,1.89768E-10
1395,1.89496E-10
1396,1.89225E-10
1397,1.88954E-10
1398,1.88684E-10
1399,1.88414E-10
1400,1.88145E-10
1401,1.87876E-10
1402,1.87609E-10
1403,1.87341E-10
1404,1.87074E-10
1405,1.86808E-10
1406,1.86543E-10
1407,1.86278E-10
1408,1.86013E-10
1409,1.85749E-10
1410,1.85486E-10
1411,1.85223E-10
1412,1.84961E-10
1413,1.84699E-10
1414,1.84438E-10
1415,1.84177E-10
1416,1.83917E-10
1417,1.83658E-10
1418,1.83399E-10
1419,1.8314E-10
1420,1.82882E-10
1421,1.82625E-10
1422,1.82368E-10
1423,1.82112E-10
1424,1.81856E-10
1425,1.81601E-10
1426,1.81347E-10
1427,1.81093E-10
1428,1.80839E-10
1429,1.80586E-10
1430,1.80334E-10
1431,1.80082E-10
1432,1.7983E-10
1433,1.79579E-10
1434,1.79329E-10
1435,1.79079E-10
1436,1.7883E-10
1437,1.78581E-10
1438,1.78333E-10
1439,1.78085E-10
1440,1.77838E-10
1441,1.77591E-10
1442,1.77345E-10
1443,1.77099E-10
1444,1.76854E-10
1445,1.76609E-10
1446,1.76365E-10
1447,1.76121E-10
1448,1.75878E-10
1449,1.75635E-10
1450,1.75393E-10
1451,1.75152E-10
1452,1.7491E-10
1453,1.7467E-10
1454,1.74429E-10
1455,1.7419E-10
1456,1.73951E-10
1457,1.73712E-10
1458,1.73474E-10
1459,1.73236E-10
1460,1.72999E-10
1461,1.72762E-10
1462,1.72526E-10
1463,1.7229E-10
1464,1.72055E-10
1465,1.7182E-10
1466,1.71586E-10
1467,1.71352E-10
1468,1.71118E-10
1469,1.70885E-10
1470,1.70653E-10
1471,1.70421E-10
1472,1.7019E-10
1473,1.69959E-10
1474,1.69728E-10
1475,1.69498E-10
1476,1.69268E-10
1477,1.69039E-10
1478,1.68811E-10
1479,1.68582E-10
1480,1.68355E-10
1481,1.68127E-10
1482,1.67901E-10
1483,1.67674E-10
1484,1.67448E-10
1485,1.67223E-10
1486,1.66998E-10
1487,1.66773E-10
1488,1.66549E-10
1489,1.66326E-10
1490,1.66102E-10
1491,1.6588E-10
1492,1.65657E-10
1493,1.65436E-10
1494,1.65214E-10
1495,1.64993E-10
1496,1.64773E-10
1497,1.64553E-10
1498,1.64333E-10
1499,1.64114E-10
1500,1.63895E-10
1501,1.63677E-10
1502,1.63459E-10
1503,1.63242E-10
1504,1.63025E-10
1505,1.62808E-10
1506,1.62592E-10
1507,1.62376E-10
1508,1.62161E-10
1509,1.61946E-10
1510,1.61732E-10
1511,1.61518E-10
1512,1.61304E-10
1513,1.61091E-10
1514,1.60878E-10
1515,1.60666E-10
1516,1.60454E-10
1517,1.60242E-10
1518,1.60031E-10
1519,1.59821E-10
1520,1.59611E-10
1521,1.59401E-10
1522,1.59191E-10
1523,1.58982E-10
1524,1.58774E-10
1525,1.58566E-10
1526,1.58358E-10
1527,1.58151E-10
1528,1.57944E-10
1529,1.57737E-10
1530,1.57531E-10
1531,1.57325E-10
1532,1.5712E-10
1533,1.56915E-10
1534,1.5671E-10
1535,1.56506E-10
1536,1.56303E-10
1537,1.56099E-10
1538,1.55896E-10
1539,1.55694E-10
1540,1.55492E-10
1541,1.5529E-10
1542,1.55089E-10
1543,1.54888E-10
1544,1.54687E-10
1545,1.54487E-10
1546,1.54287E-10
1547,1.54088E-10
1548,1.53889E-10
1549,1.5369E-10
1550,1.53492E-10
1551,1.53294E-10
1552,1.53097E-10
1553,1.52899E-10
1554,1.52703E-10
1555,1.52506E-10
1556,1.5231E-10
1557,1.52115E-10
1558,1.5192E-10
1559,1.51725E-10
1560,1.5153E-10
1561,1.51336E-10
1562,1.51143E-10
1563,1.50949E-10
1564,1.50756E-10
1565,1.50564E-10
1566,1.50371E-10
1567,1.5018E-10
1568,1.49988E-10
1569,1.49797E-10
1570,1.49606E-10
1571,1.49416E-10
1572,1.49226E-10
1573,1.49036E-10
1574,1.48847E-10
1575,1.48658E-10
1576,1.48469E-10
1577,1.48281E-10
1578,1.48093E-10
1579,1.47906E-10
1580,1.47718E-10
1581,1.47532E-10
1582,1.47345E-10
1583,1.47159E-10
1584,1.46973E-10
1585,1.46788E-10
1586,1.46603E-10
1587,1.46418E-10
1588,1.46234E-10
1589,1.4605E-10
1590,1.45866E-10
1591,1.45683E-10
1592,1.455E-10
1593,1.45317E-10
1594,1.45135E-10
1595,1.44953E-10
1596,1.44771E-10
1597,1.4459E-10
1598,1.44409E-10
1599,1.44229E-10
1600,1.44048E-10
1601,1.43869E-10
1602,1.43689E-10
1603,1.4351E-10
1604,1.43331E-10
1605,1.43152E-10
1606,1.42974E-10
1607,1.42796E-10
1608,1.42619E-10
1609,1.42442E-10
1610,1.42265E-10
1611,1.42088E-10
1612,1.41912E-10
1613,1.41736E-10
1614,1.4156E-10
1615,1.41385E-10
1616,1.4121E-10
1617,1.41036E-10
1618,1.40861E-10
1619,1.40687E-10
1620,1.40514E-10
1621,1.4034E-10
1622,1.40167E-10
1623,1.39995E-10
1624,1.39822E-10
1625,1.3965E-10
1626,1.39479E-10
1627,1.39307E-10
1628,1.39136E-10
1629,1.38965E-10
1630,1.38795E-10
1631,1.38625E-10
1632,1.38455E-10
1633,1.38285E-10
1634,1.38116E-10
1635,1.37947E-10
1636,1.37779E-10
1637,1.3761E-10
1638,1.37442E-10
1639,1.37275E-10
1640,1.37107E-10
1641,1.3694E-10
1642,1.36774E-10
1643,1.36607E-10
1644,1.36441E-10
1645,1.36275E-10
1646,1.3611E-10
1647,1.35944E-10
1648,1.3578E-10
1649,1.35615E-10
1650,1.35451E-10
1651,1.35287E-10
1652,1.35123E-10
1653,1.34959E-10
1654,1.34796E-10
1655,1.34633E-10
1656,1.34471E-10
1657,1.34309E-10
1658,1.34147E-10
1659,1.33985E-10
1660,1.33824E-10
1661,1.33662E-10
1662,1.33502E-10
1663,1.33341E-10
1664,1.33181E-10
1665,1.33021E-10
1666,1.32861E-10
1667,1.32702E-10
1668,1.32543E-10
1669,1.32384E-10
1670,1.32226E-10
1671,1.32067E-10
1672,1.3191E-10
1673,1.31752E-10
1674,1.31595E-10
1675,1.31437E-10
1676,1.31281E-10
1677,1.31124E-10
1678,1.30968E-10
1679,1.30812E-10
1680,1.30656E-10
1681,1.30501E-10
1682,1.30346E-10
1683,1.30191E-10
1684,1.30036E-10
1685,1.29882E-10
1686,1.29728E-10
1687,1.29574E-10
1688,1.29421E-10
1689,1.29268E-10
1690,1.29115E-10
1691,1.28962E-10
1692,1.2881E-10
1693,1.28657E-10
1694,1.28506E-10
1695,1.28354E-10
1696,1.28203E-10
1697,1.28052E-10
1698,1.27901E-10
1699,1.2775E-10
1700,1.276E-10
1701,1.2745E-10
1702,1.273E-10
1703,1.27151E-10
1704,1.27002E-10
1705,1.26853E-10
1706,1.26704E-10
1707,1.26556E-10
1708,1.26408E-10
1709,1.2626E-10
1710,1.26112E-10
1711,1.25965E-10
1712,1.25818E-10
1713,1.25671E-10
1714,1.25524E-10
1715,1.25378E-10
1716,1.25232E-10
1717,1.25086E-10
1718,1.2494E-10
1719,1.24795E-10
1720,1.2465E-10
1721,1.24505E-10
1722,1.2436E-10
1723,1.24216E-10
1724,1.24072E-10
1725,1.23928E-10
1726,1.23785E-10
1727,1.23641E-10
1728,1.23498E-10
1729,1.23356E-10
1730,1.23213E-10
1731,1.23071E-10
1732,1.22929E-10
1733,1.22787E-10
1734,1.22645E-10
1735,1.22504E-10
1736,1.22363E-10
1737,1.22222E-10
1738,1.22081E-10
1739,1.21941E-10
1740,1.21801E-10
1741,1.21661E-10
1742,1.21521E-10
1743,1.21382E-10
1744,1.21243E-10
1745,1.21104E-10
1746,1.20965E-10
1747,1.20827E-10
1748,1.20688E-10
1749,1.20551E-10
1750,1.20413E-10
1751,1.20275E-10
1752,1.20138E-10
1753,1.20001E-10
1754,1.19864E-10
1755,1.19728E-10
1756,1.19591E-10
1757,1.19455E-10
1758,1.19319E-10
1759,1.19184E-10
1760,1.19048E-10
1761,1.18913E-10
1762,1.18778E-10
1763,1.18644E-10
1764,1.18509E-10
1765,1.18375E-10
1766,1.18241E-10
1767,1.18107E-10
1768,1.17973E-10
1769,1.1784E-10
1770,1.17707E-10
1771,1.17574E-10
1772,1.17441E-10
1773,1.17309E-10
1774,1.17177E-10
1775,1.17045E-10
1776,1.16913E-10
1777,1.16781E-10
1778,1.1665E-10
1779,1.16519E-10
1780,1.16388E-10
1781,1.16257E-10
1782,1.16127E-10
1783,1.15997E-10
1784,1.15867E-10
1785,1.15737E-10
1786,1.15607E-10
1787,1.15478E-10
1788,1.15349E-10
1789,1.1522E-10
1790,1.15091E-10
1791,1.14963E-10
1792,1.14835E-10
1793,1.14707E-10
1794,1.14579E-10
1795,1.14451E-10
1796,1.14324E-10
1797,1.14196E-10
1798,1.14069E-10
1799,1.13943E-10
1800,1.13816E-10
1801,1.1369E-10
1802,1.13564E-10
1803,1.13438E-10
1804,1.13312E-10
1805,1.13186E-10
1806,1.13061E-10
1807,1.12936E-10
1808,1.12811E-10
1809,1.12686E-10
1810,1.12562E-10
1811,1.12438E-10
1812,1.12314E-10
1813,1.1219E-10
1814,1.12066E-10
1815,1.11943E-10
1816,1.11819E-10
1817,1.11696E-10
1818,1.11573E-10
1819,1.11451E-10
1820,1.11328E-10
1821,1.11206E-10
1822,1.11084E-10
1823,1.10962E-10
1824,1.10841E-10
1825,1.10719E-10
1826,1.10598E-10
1827,1.10477E-10
1828,1.10356E-10
1829,1.10235E-10
1830,1.10115E-10
1831,1.09995E-10
1832,1.09875E-10
1833,1.09755E-10
1834,1.09635E-10
1835,1.09516E-10
1836,1.09396E-10
1837,1.09277E-10
1838,1.09159E-10
1839,1.0904E-10
1840,1.08921E-10
1841,1.08803E-10
1842,1.08685E-10
1843,1.08567E-10
1844,1.08449E-10
1845,1.08332E-10
1846,1.08214E-10
1847,1.08097E-10
1848,1.0798E-10
1849,1.07864E-10
1850,1.07747E-10
1851,1.07631E-10
1852,1.07514E-10
1853,1.07398E-10
1854,1.07283E-10
1855,1.07167E-10
1856,1.07051E-10
1857,1.06936E-10
1858,1.06821E-10
1859,1.06706E-10
1860,1.06592E-10
1861,1.06477E-10
1862,1.06363E-10
1863,1.06249E-10
1864,1.06135E-10
1865,1.06021E-10
1866,1.05907E-10
1867,1.05794E-10
1868,1.05681E-10
1869,1.05567E-10
1870,1.05455E-10
1871,1.05342E-10
1872,1.05229E-10
1873,1.05117E-10
1874,1.05005E-10
1875,1.04893E-10
1876,1.04781E-10
1877,1.0467E-10
1878,1.04558E-10
1879,1.04447E-10
1880,1.04336E-10
1881,1.04225E-10
1882,1.04114E-10
1883,1.04004E-10
1884,1.03893E-10
1885,1.03783E-10
1886,1.03673E-10
1887,1.03563E-10
1888,1.03453E-10
1889,1.03344E-10
1890,1.03235E-10
1891,1.03125E-10
1892,1.03016E-10
1893,1.02908E-10
1894,1.02799E-10
1895,1.02691E-10
1896,1.02582E-10
1897,1.02474E-10
1898,1.02366E-10
1899,1.02258E-10
1900,1.02151E-10
1901,1.02043E-10
1902,1.01936E-10
1903,1.01829E-10
1904,1.01722E-10
1905,1.01615E-10
1906,1.01509E-10
1907,1.01402E-10
1908,1.01296E-10
1909,1.0119E-10
1910,1.01084E-10
1911,1.00978E-10
1912,1.00873E-10
1913,1.00767E-10
1914,1.00662E-10
1915,1.00557E-10
1916,1.00452E-10
1917,1.00347E-10
1918,1.00242E-10
1919,1.00138E-10
1920,1.00034E-10
1921,9.99296E-11
1922,9.98256E-11
1923,9.97218E-11
1924,9.96182E-11
1925,9.95147E-11
1926,9.94114E-11
1927,9.93082E-11
1928,9.92052E-11
1929,9.91024E-11
1930,9.89997E-11
1931,9.88972E-11
1932,9.87949E-11
1933,9.86927E-11
1934,9.85907E-11
1935,9.84888E-11
1936,9.83871E-11
1937,9.82855E-11
1938,9.81841E-11
1939,9.80829E-11
1940,9.79818E-11
1941,9.78808E-11
1942,9.778E-11
1943,9.76794E-11
1944,9.7579E-11
1945,9.74786E-11
1946,9.73785E-11
1947,9.72785E-11
1948,9.71786E-11
1949,9.70789E-11
1950,9.69794E-11
1951,9.688E-11
1952,9.67808E-11
1953,9.66817E-11
1954,9.65828E-11
1955,9.6484E-11
1956,9.63853E-11
1957,9.62869E-11
1958,9.61885E-11
1959,9.60904E-11
1960,9.59923E-11
1961,9.58945E-11
1962,9.57967E-11
1963,9.56992E-11
1964,9.56017E-11
1965,9.55044E-11
1966,9.54073E-11
1967,9.53103E-11
1968,9.52135E-11
1969,9.51168E-11
1970,9.50203E-11
1971,9.49239E-11
1972,9.48276E-11
1973,9.47315E-11
1974,9.46356E-11
1975,9.45398E-11
1976,9.44441E-11
1977,9.43486E-11
1978,9.42532E-11
1979,9.4158E-11
1980,9.40629E-11
1981,9.39679E-11
1982,9.38732E-11
1983,9.37785E-11
1984,9.3684E-11
1985,9.35896E-11
1986,9.34954E-11
1987,9.34013E-11
1988,9.33074E-11
1989,9.32136E-11
1990,9.31199E-11
1991,9.30264E-11
1992,9.2933E-11
1993,9.28398E-11
1994,9.27467E-11
1995,9.26537E-11
1996,9.25609E-11
1997,9.24682E-11
1998,9.23757E-11
1999,9.22833E-11
2000,9.2191E-11
2001,9.20989E-11
2002,9.20069E-11
2003,9.19151E-11
2004,9.18234E-11
2005,9.17318E-11
2006,9.16404E-11
2007,9.15491E-11
2008,9.14579E-11
2009,9.13669E-11