wavelength,transparent
519.201,1.0
519.574,1.0
519.947,1.0
520.319,1.0
520.692,1.0
521.064,1.0
521.436,1.0
521.809,1.0
522.181,1.0
522.553,1.0
522.925,1.0
523.297,1.0
523.67,1.0
524.042,1.0
524.413,1.0
524.785,1.0
525.157,1.0
525.529,1.0
525.901,1.0
526.273,1.0
526.644,1.0
527.016,1.0
527.387,1.0
527.759,1.0
528.13,1.0
528.502,1.0
528.873,1.0
529.244,1.0
529.615,1.0
529.987,1.0
530.358,1.0
530.729,1.0
531.1,0.9997746232065031
531.471,0.9995493434502944
531.842,0.9995493434502944
532.212,0.9993241606687205
532.583,0.9993241606687205
532.954,0.9990990747991735
533.325,0.9988740857791099
533.695,0.9988740857791099
534.066,0.9986491935460323
534.437,0.9986491935460323
534.807,0.998424398037497
535.177,0.998199699191122
535.548,0.998199699191122
535.918,0.997975096944568
536.288,0.9977505912355578
536.659,0.9977505912355578
537.029,0.9975261820018644
537.399,0.9975261820018644
537.769,0.9973018691813176
538.139,0.9970776527117948
538.509,0.9970776527117948
538.879,0.996853532531227
539.249,0.9966295085776062
539.619,0.9966295085776062
539.988,0.9964055807889677
540.358,0.9964055807889677
540.728,0.9961817491034097
541.097,0.9959580134590739
541.467,0.9959580134590739
541.836,0.9957343737941617
542.206,0.9957343737941617
542.575,0.9955108300469286
542.944,0.995287382155675
543.314,0.995287382155675
543.683,0.9950640300587642
544.052,0.994840773694605
544.421,0.994840773694605
544.79,0.9946176130016589
545.159,0.9946176130016589
545.528,0.9943945479184474
545.897,0.9941715783835352
546.266,0.9941715783835352
546.635,0.9939487043355468
547.004,0.9939487043355468
547.372,0.9937259257131591
547.741,0.9935032424550942
548.11,0.9935032424550942
548.478,0.9932806545001368
548.847,0.9930581617871136
549.215,0.9930581617871136
549.583,0.992835764254914
549.952,0.992835764254914
550.32,0.9926134618424696
550.688,0.992391254488774
551.056,0.992391254488774
551.425,0.992391254488774
551.793,0.992391254488774
552.161,0.992391254488774
552.529,0.992391254488774
552.897,0.992391254488774
553.264,0.992391254488774
553.632,0.992391254488774
554.0,0.992391254488774
554.368,0.992391254488774
554.735,0.992391254488774
555.103,0.992391254488774
555.47,0.992391254488774
555.838,0.992391254488774
556.205,0.992391254488774
556.573,0.992391254488774
556.94,0.992391254488774
557.307,0.992391254488774
557.675,0.992391254488774
558.042,0.992391254488774
558.409,0.992391254488774
558.776,0.992391254488774
559.143,0.992391254488774
559.51,0.992391254488774
559.877,0.992391254488774
560.244,0.992391254488774
560.611,0.992391254488774
560.977,0.992391254488774
561.344,0.992391254488774
561.711,0.992391254488774
562.077,0.992391254488774
562.444,0.992391254488774
562.81,0.992391254488774
563.177,0.992391254488774
563.543,0.992391254488774
563.909,0.992391254488774
564.276,0.992391254488774
564.642,0.992391254488774
565.008,0.992391254488774
565.374,0.992391254488774
565.74,0.992391254488774
566.106,0.992391254488774
566.472,0.992391254488774
566.838,0.992391254488774
567.204,0.992391254488774
567.57,0.992391254488774
567.936,0.992391254488774
568.301,0.992391254488774
568.667,0.992391254488774
569.033,0.992391254488774
569.398,0.9921691421328632
569.764,0.9921691421328632
570.129,0.9919471247138326
570.495,0.9919471247138326
570.86,0.99172520217083
571.225,0.9915033744430473
571.59,0.9915033744430473
571.956,0.9912816414697386
572.321,0.9912816414697386
572.686,0.9910600031902023
573.051,0.9908384595437887
573.416,0.9908384595437887
573.781,0.9906170104699072
574.146,0.9903956559080069
574.51,0.9903956559080069
574.875,0.9901743957976054
575.24,0.9901743957976054
575.604,0.9899532300782572
575.969,0.9897321586895711
576.334,0.9897321586895711
576.698,0.9895111815712146
577.063,0.9895111815712146
577.427,0.9892902986628967
577.791,0.9890695099043879
578.156,0.9890695099043879
578.52,0.9888488152355025
578.884,0.9888488152355025
579.248,0.9886282145961035
579.612,0.9884077079261201
579.976,0.9884077079261201
580.34,0.9881872951655154
580.704,0.9881872951655154
581.068,0.9879669762543162
581.432,0.9877467511325896
581.796,0.9877467511325896
582.159,0.9875266197404645
582.523,0.9873065820181133
582.886,0.9873065820181133
583.25,0.9870866379057586
583.614,0.9870866379057586
583.977,0.986866787343682
584.34,0.9866470302722031
584.704,0.9866470302722031
585.067,0.9864273666317099
585.43,0.9864273666317099
585.793,0.9862077963626259
586.157,0.9859883194054275
586.52,0.9859883194054275
586.883,0.98576893570065
587.246,0.98576893570065
587.609,0.9855496451888687
587.971,0.985330447810719
588.334,0.985330447810719
588.697,0.9851113435068798
589.06,0.9851113435068798
589.422,0.984892332218078
589.785,0.984673413885105
590.148,0.984673413885105
590.51,0.9844545884487856
590.872,0.9844545884487856
591.235,0.9842358558500073
591.597,0.9842358558500073
591.959,0.9840172160296975
592.322,0.9840172160296975
592.684,0.9837986689288437
593.046,0.9837986689288437
593.408,0.9835802144884764
593.77,0.9835802144884764
594.132,0.9833618526496753
594.494,0.9833618526496753
594.856,0.9831435833535758
595.218,0.9831435833535758
595.579,0.9831435833535758
595.941,0.9829254065413601
596.303,0.9829254065413601
596.664,0.9827073221542632
597.026,0.9827073221542632
597.388,0.9824893301335644
597.749,0.9824893301335644
598.11,0.9822714304205933
598.472,0.9822714304205933
598.833,0.9820536229567364
599.194,0.9820536229567364
599.555,0.9818359076834196
599.917,0.9818359076834196
600.278,0.9816182845421286
600.639,0.9816182845421286
601.0,0.9814007534743912
601.361,0.9814007534743912
601.721,0.981183314421782
602.082,0.981183314421782
602.443,0.98096596732594
602.804,0.98096596732594
603.164,0.9807487121285362
603.525,0.9807487121285362
603.886,0.9805315487713033
604.246,0.9805315487713033
604.607,0.9803144771960159
604.967,0.9803144771960159
605.327,0.9800974973444974
605.688,0.9800974973444974
606.048,0.9798806091586285
606.408,0.9798806091586285
606.768,0.9796638125803285
607.128,0.9796638125803285
607.488,0.9794471075515735
607.848,0.9794471075515735
608.208,0.9792304940143857
608.568,0.9792304940143857
608.928,0.9790139719108392
609.288,0.9790139719108392
609.647,0.978797541183052
610.007,0.978797541183052
610.367,0.9785812017731905
610.726,0.9785812017731905
611.086,0.9783649536234781
611.445,0.9783649536234781
611.804,0.9781487966761758
612.164,0.9781487966761758
612.523,0.9779327308736048
612.882,0.9779327308736048
613.242,0.9777167561581235
613.601,0.9777167561581235
613.96,0.9775008724721473
614.319,0.9775008724721473
614.678,0.9775008724721473
615.037,0.9775008724721473
615.396,0.9775008724721473
615.754,0.9775008724721473
616.113,0.9775008724721473
616.472,0.9775008724721473
616.831,0.9775008724721473
617.189,0.9775008724721473
617.548,0.9775008724721473
617.906,0.9775008724721473
618.265,0.9775008724721473
618.623,0.9775008724721473
618.981,0.9775008724721473
619.34,0.9775008724721473
619.698,0.9775008724721473
620.056,0.9775008724721473
620.414,0.9775008724721473
620.772,0.9775008724721473
621.13,0.9775008724721473
621.488,0.9775008724721473
621.846,0.9775008724721473
622.204,0.9775008724721473
622.562,0.9775008724721473
622.92,0.9775008724721473
623.277,0.9775008724721473
623.635,0.9775008724721473
623.993,0.9775008724721473
624.35,0.9775008724721473
624.708,0.9775008724721473
625.065,0.9775008724721473
625.423,0.9775008724721473
625.78,0.9775008724721473
626.137,0.9775008724721473
626.495,0.9775008724721473
626.852,0.9775008724721473
627.209,0.9775008724721473
627.566,0.9775008724721473
627.923,0.9775008724721473
628.28,0.9775008724721473
628.637,0.9775008724721473
628.994,0.9775008724721473
629.351,0.9775008724721473
629.707,0.9775008724721473
630.064,0.9775008724721473
630.421,0.9775008724721473
630.777,0.9775008724721473
631.134,0.9775008724721473
631.49,0.9775008724721473
631.847,0.9775008724721473
632.203,0.9775008724721473
632.56,0.9775008724721473
632.916,0.9775008724721473
633.272,0.9775008724721473
633.628,0.9775008724721473
633.985,0.9775008724721473
634.341,0.9775008724721473
634.697,0.9775008724721473
635.053,0.9775008724721473
635.409,0.9775008724721473
635.764,0.9775008724721473
636.12,0.9775008724721473
636.476,0.9775008724721473
636.832,0.9775008724721473
637.187,0.9775008724721473
637.543,0.9775008724721473
637.899,0.9775008724721473
638.254,0.9775008724721473
638.61,0.9775008724721473
638.965,0.9775008724721473
639.32,0.9775008724721473
639.676,0.9775008724721473
640.031,0.9775008724721473
640.386,0.9775008724721473
640.741,0.9775008724721473
641.096,0.9775008724721473
641.451,0.9775008724721473
641.806,0.9775008724721473
642.161,0.9775008724721473
642.516,0.9775008724721473
642.871,0.9775008724721473
643.226,0.9775008724721473
643.58,0.9775008724721473
643.935,0.9775008724721473
644.29,0.9775008724721473
644.644,0.9775008724721473
644.999,0.9775008724721473
645.353,0.9775008724721473
645.708,0.9775008724721473
646.062,0.9775008724721473
646.416,0.9775008724721473
646.771,0.9775008724721473
647.125,0.9775008724721473
647.479,0.9775008724721473
647.833,0.9775008724721473
648.187,0.9775008724721473
648.541,0.9775008724721473
648.895,0.9775008724721473
649.249,0.9775008724721473
649.603,0.9775008724721473
649.956,0.9775008724721473
650.31,0.9775008724721473
650.664,0.9775008724721473
651.017,0.9775008724721473
651.371,0.9775008724721473
651.725,0.9775008724721473
652.078,0.9775008724721473
652.431,0.9775008724721473
652.785,0.9775008724721473
653.138,0.9775008724721473
653.491,0.9775008724721473
653.845,0.9775008724721473
654.198,0.9775008724721473
654.551,0.9775008724721473
654.904,0.9775008724721473
655.257,0.9775008724721473
655.61,0.9775008724721473
655.963,0.9775008724721473
656.315,0.9775008724721473
656.668,0.9775008724721473
657.021,0.9775008724721473
657.374,0.9775008724721473
657.726,0.9775008724721473
658.079,0.9775008724721473
658.431,0.9775008724721473
658.784,0.9775008724721473
659.136,0.9775008724721473
659.489,0.9775008724721473
659.841,0.9775008724721473
660.193,0.9772850797581397
660.545,0.9772850797581397
660.897,0.9770693779586056
661.25,0.9770693779586056
661.602,0.9768537670161078
661.954,0.9768537670161078
662.305,0.9766382468732503
662.657,0.9766382468732503
663.009,0.9764228174726853
663.361,0.9764228174726853
663.713,0.9762074787571211
664.064,0.9762074787571211
664.416,0.9759922306693037
664.768,0.9759922306693037
665.119,0.9757770731520354
665.471,0.9757770731520354
665.822,0.9755620061481659
666.173,0.9755620061481659
666.525,0.9753470296005861
666.876,0.9753470296005861
667.227,0.9751321434522446
667.578,0.9751321434522446
667.929,0.9751321434522446
668.28,0.9749173476461279
668.631,0.9749173476461279
668.982,0.974702642125281
669.333,0.974702642125281
669.684,0.974488026832786
670.035,0.974488026832786
670.386,0.9742735017117833
670.736,0.9742735017117833
671.087,0.9740590667054512
671.437,0.9740590667054512
671.788,0.9738447217570224
672.138,0.9738447217570224
672.489,0.9736304668097785
672.839,0.9736304668097785
673.189,0.9734163018070401
673.54,0.9734163018070401
673.89,0.9732022266921859
674.24,0.9732022266921859
674.59,0.9729882414086349
674.94,0.9729882414086349
675.29,0.972774345899853
675.64,0.972774345899853
675.99,0.972774345899853
676.34,0.9725605401093613
676.69,0.9725605401093613
677.039,0.9723468239807159
677.389,0.9723468239807159
677.739,0.9721331974575373
678.088,0.9721331974575373
678.438,0.9719196604834787
678.787,0.9719196604834787
679.137,0.9717062130022429
679.486,0.9717062130022429
679.835,0.9714928549575873
680.185,0.9714928549575873
680.534,0.9712795862933066
680.883,0.9712795862933066
681.232,0.9710664069532523
681.581,0.9710664069532523
681.93,0.970853316881313
682.279,0.970853316881313
682.628,0.9706403160214345
682.977,0.9706403160214345
683.325,0.9704274043175997
683.674,0.9704274043175997
684.023,0.9704274043175997
684.372,0.970214581713845
684.72,0.970214581713845
685.069,0.970214581713845
685.417,0.970214581713845
685.765,0.970214581713845
686.114,0.970214581713845
686.462,0.970214581713845
686.81,0.970214581713845
687.159,0.970214581713845
687.507,0.970214581713845
687.855,0.970214581713845
688.203,0.970214581713845
688.551,0.970214581713845
688.899,0.970214581713845
689.247,0.970214581713845
689.595,0.970214581713845
689.942,0.970214581713845
690.29,0.970214581713845
690.638,0.970214581713845
690.985,0.970214581713845
691.333,0.970214581713845
691.681,0.970214581713845
692.028,0.970214581713845
692.375,0.970214581713845
692.723,0.970214581713845
693.07,0.970214581713845
693.417,0.970214581713845
693.765,0.970214581713845
694.112,0.970214581713845
694.459,0.970214581713845
694.806,0.970214581713845
695.153,0.970214581713845
695.5,0.970214581713845
695.847,0.970214581713845
696.194,0.970214581713845
696.54,0.970214581713845
696.887,0.970214581713845
697.234,0.970214581713845
697.58,0.970214581713845
697.927,0.970214581713845
698.273,0.970214581713845
698.62,0.970214581713845
698.966,0.970214581713845
699.313,0.970214581713845
699.659,0.970214581713845
700.005,0.970214581713845
700.351,0.970214581713845
700.698,0.970214581713845
701.044,0.970214581713845
701.39,0.970214581713845
701.736,0.970214581713845
702.082,0.970214581713845
702.428,0.970214581713845
702.773,0.970214581713845
703.119,0.970214581713845
703.465,0.970214581713845
703.811,0.970214581713845
704.156,0.970214581713845
704.502,0.970214581713845
704.847,0.970214581713845
705.193,0.970214581713845
705.538,0.970214581713845
705.884,0.970214581713845
706.229,0.970214581713845
706.574,0.970214581713845
706.919,0.970214581713845
707.265,0.970214581713845
707.61,0.970214581713845
707.955,0.970214581713845
708.3,0.970214581713845
708.645,0.970214581713845
708.99,0.970214581713845
709.334,0.970214581713845
709.679,0.970214581713845
710.024,0.970214581713845
710.369,0.970214581713845
710.713,0.970214581713845
711.058,0.970214581713845
711.402,0.970214581713845
711.747,0.970214581713845
712.091,0.970214581713845
712.436,0.970214581713845
712.78,0.970214581713845
713.124,0.970214581713845
713.468,0.970214581713845
713.813,0.970214581713845
714.157,0.970214581713845
714.501,0.970214581713845
714.845,0.970214581713845
715.189,0.970214581713845
715.533,0.970214581713845
715.876,0.970214581713845
716.22,0.970214581713845
716.564,0.970214581713845
716.908,0.970214581713845
717.251,0.970214581713845
717.595,0.970214581713845
717.938,0.970214581713845
718.282,0.970214581713845
718.625,0.970214581713845
718.969,0.970214581713845
719.312,0.970214581713845
719.655,0.970214581713845
719.998,0.970214581713845
720.342,0.970214581713845
720.685,0.970214581713845
721.028,0.970214581713845
721.371,0.970214581713845
721.714,0.970214581713845
722.057,0.970214581713845
722.399,0.970214581713845
722.742,0.970214581713845
723.085,0.970214581713845
723.428,0.970214581713845
723.77,0.9704274043175997
724.113,0.9704274043175997
724.455,0.9706403160214345
724.798,0.9706403160214345
725.14,0.970853316881313
725.483,0.970853316881313
725.825,0.9710664069532523
726.167,0.9710664069532523
726.509,0.9712795862933066
726.852,0.9712795862933066
727.194,0.9714928549575873
727.536,0.9714928549575873
727.878,0.9717062130022429
728.22,0.9717062130022429
728.562,0.9719196604834787
728.903,0.9719196604834787
729.245,0.9721331974575373
729.587,0.9721331974575373
729.929,0.9723468239807159
730.27,0.9725605401093613
730.612,0.9725605401093613
730.953,0.972774345899853
731.295,0.972774345899853
731.636,0.9729882414086349
731.978,0.9729882414086349
732.319,0.9732022266921859
732.66,0.9732022266921859
733.002,0.9734163018070401
733.343,0.9734163018070401
733.684,0.9736304668097785
734.025,0.9736304668097785
734.366,0.9738447217570224
734.707,0.9738447217570224
735.048,0.9740590667054512
735.389,0.9740590667054512
735.729,0.9742735017117833
736.07,0.9742735017117833
736.411,0.974488026832786
736.751,0.974488026832786
737.092,0.974702642125281
737.433,0.974702642125281
737.773,0.9749173476461279
738.113,0.9749173476461279
738.454,0.9751321434522446
738.794,0.9751321434522446
739.134,0.9753470296005861
739.475,0.9753470296005861
739.815,0.9755620061481659
740.155,0.9755620061481659
740.495,0.9757770731520354
740.835,0.9757770731520354
741.175,0.9759922306693037
741.515,0.9759922306693037
741.855,0.9762074787571211
742.194,0.9762074787571211
742.534,0.9764228174726853
742.874,0.9764228174726853
743.214,0.9766382468732503
743.553,0.9766382468732503
743.893,0.9768537670161078
744.232,0.9768537670161078
744.572,0.9770693779586056
744.911,0.9772850797581397
745.25,0.9772850797581397
745.59,0.9775008724721473
745.929,0.9775008724721473
746.268,0.9775008724721473
746.607,0.9775008724721473
746.946,0.9775008724721473
747.285,0.9775008724721473
747.624,0.9775008724721473
747.963,0.9775008724721473
748.302,0.9775008724721473
748.641,0.9775008724721473
748.979,0.9775008724721473
749.318,0.9775008724721473
749.657,0.9775008724721473
749.995,0.9775008724721473
750.334,0.9775008724721473
750.672,0.9775008724721473
751.011,0.9775008724721473
751.349,0.9775008724721473
751.687,0.9775008724721473
752.026,0.9775008724721473
752.364,0.9775008724721473
752.702,0.9775008724721473
753.04,0.9775008724721473
753.378,0.9775008724721473
753.716,0.9775008724721473
754.054,0.9775008724721473
754.392,0.9775008724721473
754.73,0.9775008724721473
755.068,0.9775008724721473
755.406,0.9775008724721473
755.743,0.9775008724721473
756.081,0.9775008724721473
756.418,0.9775008724721473
756.756,0.9775008724721473
757.093,0.9775008724721473
757.431,0.9775008724721473
757.768,0.9775008724721473
758.106,0.9775008724721473
758.443,0.9775008724721473
758.78,0.9775008724721473
759.117,0.9775008724721473
759.454,0.9775008724721473
759.791,0.9775008724721473
760.128,0.9775008724721473
760.465,0.9775008724721473
760.802,0.9775008724721473
761.139,0.9775008724721473
761.476,0.9775008724721473
761.813,0.9775008724721473
762.149,0.9775008724721473
762.486,0.9775008724721473
762.823,0.9775008724721473
763.159,0.9775008724721473
763.496,0.9775008724721473
763.832,0.9775008724721473
764.169,0.9775008724721473
764.505,0.9775008724721473
764.841,0.9775008724721473
765.177,0.9775008724721473
765.514,0.9775008724721473
765.85,0.9775008724721473
766.186,0.9775008724721473
766.522,0.9775008724721473
766.858,0.9775008724721473
767.194,0.9775008724721473
767.529,0.9775008724721473
767.865,0.9775008724721473
768.201,0.9775008724721473
768.537,0.9775008724721473
768.872,0.9775008724721473
769.208,0.9775008724721473
769.543,0.9775008724721473
769.879,0.9775008724721473
770.214,0.9775008724721473
770.55,0.9775008724721473
770.885,0.9775008724721473
771.22,0.9775008724721473
771.556,0.9775008724721473
771.891,0.9775008724721473
772.226,0.9775008724721473
772.561,0.9775008724721473
772.896,0.9775008724721473
773.231,0.9775008724721473
773.566,0.9775008724721473
773.901,0.9775008724721473
774.235,0.9775008724721473
774.57,0.9775008724721473
774.905,0.9775008724721473
775.24,0.9775008724721473
775.574,0.9775008724721473
775.909,0.9775008724721473
776.243,0.9775008724721473
776.578,0.9775008724721473
776.912,0.9775008724721473
777.246,0.9775008724721473
777.581,0.9775008724721473
777.915,0.9775008724721473
778.249,0.9775008724721473
778.583,0.9775008724721473
778.917,0.9775008724721473
779.251,0.9775008724721473
779.585,0.9775008724721473
779.919,0.9775008724721473
780.253,0.9775008724721473
780.587,0.9775008724721473
780.921,0.9775008724721473
781.254,0.9775008724721473
781.588,0.9775008724721473
781.921,0.9775008724721473
782.255,0.9775008724721473
782.588,0.9775008724721473
782.922,0.9775008724721473
783.255,0.9775008724721473
783.589,0.9775008724721473
783.922,0.9775008724721473
784.255,0.9775008724721473
784.588,0.9775008724721473
784.921,0.9775008724721473
785.255,0.9775008724721473
785.588,0.9775008724721473
785.92,0.9775008724721473
786.253,0.9775008724721473
786.586,0.9775008724721473
786.919,0.9775008724721473
787.252,0.9775008724721473
787.585,0.9775008724721473
787.917,0.9775008724721473
788.25,0.9775008724721473
788.582,0.9775008724721473
788.915,0.9775008724721473
789.247,0.9775008724721473
789.58,0.9775008724721473
789.912,0.9775008724721473
790.244,0.9775008724721473
790.576,0.9775008724721473
790.909,0.9775008724721473
791.241,0.9775008724721473
791.573,0.9775008724721473
791.905,0.9775008724721473
792.237,0.9775008724721473
792.569,0.9775008724721473
792.901,0.9775008724721473
793.232,0.9775008724721473
793.564,0.9775008724721473
793.896,0.9775008724721473
794.228,0.9775008724721473
794.559,0.9775008724721473
794.891,0.9775008724721473
795.222,0.9775008724721473
795.554,0.9775008724721473
795.885,0.9775008724721473
796.216,0.9775008724721473
796.548,0.9775008724721473
796.879,0.9775008724721473
797.21,0.9775008724721473
797.541,0.9775008724721473
797.872,0.9775008724721473
798.203,0.9775008724721473
798.534,0.9775008724721473
798.865,0.9775008724721473
799.196,0.9775008724721473
799.527,0.9775008724721473
799.858,0.9775008724721473
800.188,0.9775008724721473
800.519,0.9775008724721473
800.849,0.9775008724721473
801.18,0.9775008724721473
801.511,0.9775008724721473
801.841,0.9775008724721473
802.171,0.9775008724721473
802.502,0.9775008724721473
802.832,0.9775008724721473
803.162,0.9775008724721473
803.492,0.9775008724721473
803.823,0.9775008724721473
804.153,0.9775008724721473
804.483,0.9775008724721473
804.813,0.9772850797581397
805.142,0.9772850797581397
805.472,0.9770693779586056
805.802,0.9768537670161078
806.132,0.9768537670161078
806.462,0.9766382468732503
806.791,0.9766382468732503
807.121,0.9764228174726853
807.45,0.9762074787571211
807.78,0.9762074787571211
808.109,0.9759922306693037
808.439,0.9757770731520354
808.768,0.9757770731520354
809.097,0.9755620061481659
809.427,0.9755620061481659
809.756,0.9753470296005861
810.085,0.9751321434522446
810.414,0.9751321434522446
810.743,0.9749173476461279
811.072,0.9749173476461279
811.401,0.974702642125281
811.73,0.974488026832786
812.059,0.974488026832786
812.387,0.9742735017117833
812.716,0.9740590667054512
813.045,0.9740590667054512
813.373,0.9738447217570224
813.702,0.9738447217570224
814.03,0.9736304668097785
814.359,0.9734163018070401
814.687,0.9734163018070401
815.016,0.9732022266921859
815.344,0.9732022266921859
815.672,0.9729882414086349
816.0,0.972774345899853
816.328,0.972774345899853
816.656,0.9725605401093613
816.984,0.9723468239807159
817.312,0.9723468239807159
817.64,0.9721331974575373
817.968,0.9721331974575373
818.296,0.9719196604834787
818.624,0.9717062130022429
818.951,0.9717062130022429
819.279,0.9714928549575873
819.607,0.9714928549575873
819.934,0.9712795862933066
820.262,0.9710664069532523
820.589,0.9710664069532523
820.917,0.970853316881313
821.244,0.9706403160214345
821.571,0.9706403160214345
821.899,0.9704274043175997
822.226,0.9704274043175997
822.553,0.970214581713845
822.88,0.9700018481542544
823.207,0.9697892035829512
823.534,0.9695766479441148
823.861,0.9693641811819647
824.188,0.9691518032407662
824.515,0.968939514064839
824.841,0.9687273135985373
825.168,0.9685152017862784
825.495,0.9683031785725115
825.821,0.9680912439017348
826.148,0.9678793977185004
826.474,0.9676676399673962
826.801,0.9674559705930671
827.127,0.9672443895401958
827.453,0.9670328967535098
827.78,0.9668214921777962
828.106,0.9666101757578721
828.432,0.9663989474386121
828.758,0.9661878071649275
829.084,0.9661878071649275
829.41,0.9659767548817849
829.736,0.9657657905341895
830.062,0.9655549140671928
830.388,0.9653441254258985
830.714,0.9651334245554448
831.04,0.9649228114010318
831.365,0.9647122859078909
831.691,0.9645018480213019
832.017,0.9642914976865969
832.342,0.964081234849144
832.668,0.9638710594543665
832.993,0.9636609714477256
833.319,0.9634509707747255
833.644,0.9632410573809305
833.969,0.9630312312119327
834.295,0.9628214922133818
834.62,0.9626118403309631
834.945,0.9624022755104166
835.27,0.9621927976975199
835.595,0.9619834068380957
835.92,0.9617741028780166
836.245,0.9615648857631975
836.57,0.961355755439601
836.895,0.9611467118532293
837.219,0.9609377549501295
837.544,0.9607288846764007
837.869,0.9605201009781771
838.193,0.9603114038016471
838.518,0.9601027930930341
838.842,0.9598942687986131
839.167,0.9596858308647037
839.491,0.9594774792376629
839.816,0.9592692138639016
840.14,0.959061034689868
840.464,0.9588529416620543
840.788,0.9586449347270043
841.112,0.9584370138312966
841.436,0.9582291789215612
841.761,0.9580214299444695
842.084,0.9578137668467396
842.408,0.9576061895751289
842.732,0.9573986980764387
843.056,0.9573986980764387
843.38,0.9571912922975215
843.704,0.9569839721852642
844.027,0.956776737686607
844.351,0.9565695887485242
844.674,0.9563625253180414
844.998,0.9561555473422277
845.321,0.9559486547681891
845.645,0.9555351256141079
845.968,0.9553284889284996
846.291,0.9551219374335488
846.615,0.9549154710765787
846.938,0.9547090898049634
847.261,0.9542965823075025
847.584,0.9540904559766169
847.907,0.9538844145210033
848.23,0.9536784578882544
848.553,0.9534725860259967
848.876,0.9530610964037046
849.199,0.9528554785391452
849.521,0.9526499452360367
849.844,0.952444496442221
850.167,0.9520338521740777
850.489,0.9518286565956523
850.812,0.951623545318337
851.135,0.9514185182901856
851.457,0.9512135754593096
851.779,0.9508039421819927
852.102,0.9505992516319728
852.424,0.9503946450720583
852.746,0.9501901224505698
853.068,0.94998568371586
853.391,0.9495770577004303
853.713,0.9493728703166351
854.035,0.9491687666134779
854.357,0.9489647465395237
854.679,0.9487608100433881
855.0,0.9483531875792193
855.322,0.9481495015086217
855.644,0.9479458988107016
855.966,0.9477423794342897
856.287,0.9475389433282446
856.609,0.9471323207229151
856.931,0.9469291341215659
857.252,0.946726030586457
857.574,0.946523010066658
857.895,0.9461172178694809
858.216,0.945914446090457
858.538,0.9457117571234493
858.859,0.9455091509177326
859.18,0.9453066274226328
859.501,0.9449018283617657
859.822,0.9446995526948476
860.143,0.9444973595362415
860.464,0.9442952488354776
860.785,0.944093220542122
861.106,0.9436894109761146
861.427,0.9434876296028056
861.748,0.9432859304355927
862.068,0.9430843134242479
862.389,0.9428827785185814
862.71,0.9424799548237663
863.03,0.9422786659344494
863.351,0.9420774589504826
863.671,0.941876333821882
863.992,0.941876333821882
864.312,0.941675290498712
864.632,0.9414743289310676
864.953,0.9414743289310676
865.273,0.9412734490690918
865.593,0.9412734490690918
865.913,0.9410726508629658
866.233,0.9408719342629132
866.553,0.9408719342629132
866.873,0.9406712992191938
867.193,0.9406712992191938
867.513,0.9404707456821078
867.832,0.9402702736020027
868.152,0.9402702736020027
868.472,0.9400698829292566
868.791,0.9400698829292566
869.111,0.9398695736142981
869.43,0.939669345607586
869.75,0.939669345607586
870.069,0.9394691988596263
870.389,0.9394691988596263
870.708,0.9392691333209656
871.027,0.9390691489421834
871.346,0.9390691489421834
871.666,0.9388692456739086
871.985,0.9388692456739086
872.304,0.938669423466803
872.623,0.9384696822715689
872.942,0.9384696822715689
873.261,0.9382700220389549
873.579,0.9382700220389549
873.898,0.9380704427197407
874.217,0.9378709442647528
874.536,0.9378709442647528
874.854,0.9376715266248546
875.173,0.9376715266248546
875.491,0.9374721897509528
875.81,0.9372729335939881
876.128,0.9372729335939881
876.446,0.9370737581049413
876.765,0.9370737581049413
877.083,0.9368746632348404
877.401,0.9366756489347429
877.719,0.9366756489347429
878.037,0.9364767151557556
878.355,0.9364767151557556
878.673,0.9362778618490155
878.991,0.9360790889657062
879.309,0.9360790889657062
879.627,0.9358803964570508
879.945,0.9358803964570508
880.263,0.9356817842743046
880.58,0.9354832523687717
880.898,0.9354832523687717
881.215,0.9352848006917887
881.533,0.9352848006917887
881.85,0.9350864291947315
882.168,0.9348881378290222
882.485,0.9348881378290222
882.802,0.9346899265461109
883.12,0.9346899265461109
883.437,0.9344917952975023
883.754,0.9344917952975023
884.071,0.934293744034727
884.388,0.9340957727093568
884.705,0.9340957727093568
885.022,0.9338978812730099
885.339,0.9338978812730099
885.656,0.9337000696773335
885.973,0.9335023378740243
886.289,0.9335023378740243
886.606,0.9333046858148074
886.923,0.9333046858148074
887.239,0.9331071134514568
887.556,0.9329096207357762
887.872,0.9329096207357762
888.189,0.9327122076196144
888.505,0.9327122076196144
888.821,0.9325148740548598
889.137,0.9323176199934323
889.454,0.9323176199934323
889.77,0.9321204453872999
890.086,0.9321204453872999
890.402,0.9319233501884618
890.718,0.9317263343489569
891.034,0.9317263343489569
891.35,0.9315293978208686
891.666,0.9315293978208686
891.981,0.9313325405563081
892.297,0.9311357625074407
892.613,0.9311357625074407
892.928,0.9309390636264567
893.244,0.9309390636264567
893.56,0.930742443865587
893.875,0.9305459031771082
894.19,0.9305459031771082
894.506,0.9303494415133255
894.821,0.9303494415133255
895.136,0.930153058826592
895.451,0.930153058826592
895.767,0.9299567550692922
896.082,0.9297605301938467
896.397,0.9297605301938467
896.712,0.9295643841527275
897.027,0.9295643841527275
897.342,0.9293683168984294
897.656,0.9291723283834964
897.971,0.9291723283834964
898.286,0.9289764185605018
898.601,0.9289764185605018
898.915,0.9287805873820658
899.23,0.9285848348008398
899.544,0.9285848348008398
899.859,0.9285848348008398
900.173,0.9285848348008398
900.488,0.9285848348008398
900.802,0.9285848348008398
901.116,0.9285848348008398
901.43,0.9285848348008398
901.744,0.9285848348008398
902.059,0.9285848348008398
902.373,0.9285848348008398
902.687,0.9285848348008398
903.001,0.9285848348008398
903.314,0.9285848348008398
903.628,0.9285848348008398
903.942,0.9285848348008398
904.256,0.9285848348008398
904.569,0.9285848348008398
904.883,0.9285848348008398
905.197,0.9285848348008398
905.51,0.9285848348008398
905.824,0.9285848348008398
906.137,0.9285848348008398
906.45,0.9285848348008398
906.764,0.9285848348008398
907.077,0.9285848348008398
907.39,0.9285848348008398
907.703,0.9285848348008398
908.016,0.9285848348008398
908.329,0.9285848348008398
908.642,0.9285848348008398
908.955,0.9285848348008398
909.268,0.9285848348008398
909.581,0.9285848348008398
909.894,0.9285848348008398
910.207,0.9285848348008398
910.519,0.9285848348008398
910.832,0.9285848348008398
911.145,0.9285848348008398
911.457,0.9285848348008398
911.77,0.9285848348008398
912.082,0.9285848348008398
912.394,0.9285848348008398
912.707,0.9285848348008398
913.019,0.9285848348008398
913.331,0.9285848348008398
913.643,0.9285848348008398
913.955,0.9285848348008398
914.267,0.9285848348008398
914.579,0.9285848348008398
914.891,0.9285848348008398
915.203,0.9285848348008398
915.515,0.9285848348008398
915.827,0.9285848348008398
916.139,0.9285848348008398
916.45,0.9285848348008398
916.762,0.9285848348008398
917.073,0.9285848348008398
917.385,0.9285848348008398
917.696,0.9285848348008398
918.008,0.9285848348008398
918.319,0.9285848348008398
918.631,0.9285848348008398
918.942,0.9285848348008398
919.253,0.9285848348008398
919.564,0.9285848348008398
919.875,0.9285848348008398
920.186,0.9285848348008398
920.497,0.9285848348008398
920.808,0.9287805873820658
921.119,0.9287805873820658
921.43,0.9287805873820658
921.741,0.9289764185605018
922.051,0.9289764185605018
922.362,0.9291723283834964
922.673,0.9291723283834964
922.983,0.9291723283834964
923.294,0.9293683168984294
923.604,0.9293683168984294
923.915,0.9295643841527275
924.225,0.9295643841527275
924.535,0.9295643841527275
924.846,0.9297605301938467
925.156,0.9297605301938467
925.466,0.9297605301938467
925.776,0.9299567550692922
926.086,0.9299567550692922
926.396,0.930153058826592
926.706,0.930153058826592
927.016,0.930153058826592
927.326,0.9303494415133255
927.636,0.9303494415133255
927.945,0.9305459031771082
928.255,0.9305459031771082
928.565,0.9305459031771082
928.874,0.930742443865587
929.184,0.930742443865587
929.493,0.9309390636264567
929.803,0.9309390636264567
930.112,0.9309390636264567
930.421,0.9311357625074407
930.731,0.9311357625074407
931.04,0.9311357625074407
931.349,0.9313325405563081
931.658,0.9313325405563081
931.967,0.9315293978208686
932.276,0.9315293978208686
932.585,0.9315293978208686
932.894,0.9317263343489569
933.203,0.9317263343489569
933.512,0.9319233501884618
933.82,0.9319233501884618
934.129,0.9319233501884618
934.438,0.9321204453872999
934.746,0.9321204453872999
935.055,0.9321204453872999
935.363,0.9323176199934323
935.672,0.9323176199934323
935.98,0.9325148740548598
936.288,0.9325148740548598
936.597,0.9325148740548598
936.905,0.9327122076196144
937.213,0.9327122076196144
937.521,0.9329096207357762
937.829,0.9329096207357762
938.137,0.9329096207357762
938.445,0.9331071134514568
938.753,0.9331071134514568
939.061,0.9331071134514568
939.369,0.9333046858148074
939.676,0.9333046858148074
939.984,0.9335023378740243
940.292,0.9335023378740243
940.599,0.9335023378740243
940.907,0.9337000696773335
941.214,0.9337000696773335
941.522,0.9338978812730099
941.829,0.9338978812730099
942.136,0.9338978812730099
942.444,0.9340957727093568
942.751,0.9340957727093568
943.058,0.9340957727093568
943.365,0.934293744034727
943.672,0.934293744034727
943.979,0.9344917952975023
944.286,0.9344917952975023
944.593,0.9344917952975023
944.9,0.9346899265461109
945.207,0.9346899265461109
945.513,0.9348881378290222
945.82,0.9348881378290222
946.127,0.9348881378290222
946.433,0.9350864291947315
946.74,0.9350864291947315
947.046,0.9350864291947315
947.353,0.9352848006917887
947.659,0.9352848006917887
947.966,0.9354832523687717
948.272,0.9354832523687717
948.578,0.9354832523687717
948.884,0.9356817842743046
949.19,0.9356817842743046
949.496,0.9356817842743046
949.802,0.9358803964570508
950.108,0.9358803964570508
950.414,0.9358803964570508
950.72,0.9360790889657062
951.026,0.9360790889657062
951.332,0.9360790889657062
951.637,0.9362778618490155
951.943,0.9362778618490155
952.248,0.9364767151557556
952.554,0.9364767151557556
952.859,0.9364767151557556
953.165,0.9366756489347429
953.47,0.9366756489347429
953.776,0.9366756489347429
954.081,0.9368746632348404
954.386,0.9368746632348404
954.691,0.9368746632348404
954.996,0.9370737581049413
955.301,0.9370737581049413
955.606,0.9370737581049413
955.911,0.9372729335939881
956.216,0.9372729335939881
956.521,0.9372729335939881
956.826,0.9374721897509528
957.131,0.9374721897509528
957.435,0.9376715266248546
957.74,0.9376715266248546
958.045,0.9376715266248546
958.349,0.9378709442647528
958.654,0.9378709442647528
958.958,0.9378709442647528
959.262,0.9380704427197407
959.567,0.9380704427197407
959.871,0.9380704427197407
960.175,0.9382700220389549
960.479,0.9382700220389549
960.783,0.9382700220389549
961.088,0.9384696822715689
961.392,0.9384696822715689
961.695,0.9384696822715689
961.999,0.938669423466803
962.303,0.938669423466803
962.607,0.938669423466803
962.911,0.9388692456739086
963.214,0.9388692456739086
963.518,0.9390691489421834
963.822,0.9390691489421834
964.125,0.9390691489421834
964.429,0.9392691333209656
964.732,0.9392691333209656
965.036,0.9392691333209656
965.339,0.9394691988596263
965.642,0.9394691988596263
965.945,0.9394691988596263
966.249,0.939669345607586
966.552,0.939669345607586
966.855,0.939669345607586
967.158,0.9398695736142981
967.461,0.9398695736142981
967.764,0.9398695736142981
968.066,0.9400698829292566
968.369,0.9400698829292566
968.672,0.9400698829292566
968.975,0.9402702736020027
969.277,0.9402702736020027
969.58,0.9404707456821078
969.882,0.9404707456821078
970.185,0.9404707456821078
970.487,0.9406712992191938
970.79,0.9406712992191938
971.092,0.9406712992191938
971.394,0.9408719342629132
971.697,0.9408719342629132
971.999,0.9408719342629132
972.301,0.9410726508629658
972.603,0.9410726508629658
972.905,0.9410726508629658
973.207,0.9412734490690918
973.509,0.9412734490690918
973.811,0.9412734490690918
974.112,0.9414743289310676
974.414,0.9414743289310676
974.716,0.9414743289310676
975.017,0.941675290498712
975.319,0.941675290498712
975.621,0.941876333821882
975.922,0.941876333821882
976.224,0.941876333821882
976.525,0.9420774589504826
976.826,0.9420774589504826
977.127,0.9420774589504826
977.429,0.9420774589504826
977.73,0.9422786659344494
978.031,0.9422786659344494
978.332,0.9422786659344494
978.633,0.9422786659344494
978.934,0.9424799548237663
979.235,0.9424799548237663
979.536,0.9424799548237663
979.837,0.9424799548237663
980.137,0.9426813256684576
980.438,0.9426813256684576
980.739,0.9426813256684576
981.039,0.9426813256684576
981.34,0.9428827785185814
981.64,0.9428827785185814
981.941,0.9428827785185814
982.241,0.9428827785185814
982.541,0.9430843134242479
982.842,0.9430843134242479
983.142,0.9430843134242479
983.442,0.9430843134242479
983.742,0.9432859304355927
984.042,0.9432859304355927
984.342,0.9432859304355927
984.642,0.9432859304355927
984.942,0.9434876296028056
985.242,0.9434876296028056
985.542,0.9434876296028056
985.842,0.9434876296028056
986.141,0.9436894109761146
986.441,0.9436894109761146
986.741,0.9436894109761146
987.04,0.9436894109761146
987.34,0.9438912746057826
987.639,0.9438912746057826
987.938,0.9438912746057826
988.238,0.9438912746057826
988.537,0.944093220542122
988.836,0.944093220542122
989.135,0.944093220542122
989.434,0.944093220542122
989.734,0.9442952488354776
990.033,0.9442952488354776
990.332,0.9442952488354776
990.63,0.9442952488354776
990.929,0.9444973595362415
991.228,0.9444973595362415
991.527,0.9444973595362415
991.826,0.9444973595362415
992.124,0.9446995526948476
992.423,0.9446995526948476
992.721,0.9446995526948476
993.02,0.9446995526948476
993.318,0.9449018283617657
993.617,0.9449018283617657
993.915,0.9449018283617657
994.213,0.9449018283617657
994.511,0.9451041865875102
994.81,0.9451041865875102
995.108,0.9451041865875102
995.406,0.9451041865875102
995.704,0.9453066274226328
996.002,0.9453066274226328
996.3,0.9453066274226328
996.598,0.9453066274226328
996.895,0.9455091509177326
997.193,0.9455091509177326
997.491,0.9455091509177326
997.788,0.9455091509177326
998.086,0.9457117571234493
998.384,0.9457117571234493
998.681,0.9457117571234493
998.979,0.9457117571234493
999.276,0.945914446090457
999.573,0.945914446090457
999.871,0.945914446090457
1000.168,0.945914446090457
1000.465,0.9461172178694809
1000.762,0.9461172178694809
1001.059,0.9461172178694809
1001.356,0.9461172178694809
1001.653,0.9463200725112778
1001.95,0.9463200725112778
1002.247,0.9463200725112778
1002.544,0.9463200725112778
1002.84,0.946523010066658
1003.137,0.946523010066658
1003.434,0.946523010066658
1003.73,0.946523010066658
1004.027,0.946726030586457
1004.323,0.946726030586457
1004.62,0.946726030586457
1004.916,0.946726030586457
1005.213,0.9469291341215659
1005.509,0.9469291341215659
1005.805,0.9469291341215659
1006.101,0.9469291341215659
1006.397,0.9471323207229151
1006.693,0.9471323207229151
1006.99,0.9471323207229151
1007.285,0.9471323207229151
1007.581,0.9473355904414692
1007.877,0.9473355904414692
1008.173,0.9473355904414692
1008.469,0.9473355904414692
1008.765,0.9475389433282446
1009.06,0.9475389433282446
1009.356,0.9475389433282446
1009.651,0.9475389433282446
1009.947,0.9477423794342897
1010.242,0.9477423794342897
1010.538,0.9477423794342897
1010.833,0.9477423794342897
1011.128,0.9477423794342897
1011.423,0.9479458988107016
1011.719,0.9479458988107016
1012.014,0.9479458988107016
1012.309,0.9479458988107016
1012.604,0.9481495015086217
1012.899,0.9481495015086217
1013.194,0.9481495015086217
1013.489,0.9481495015086217
1013.783,0.9483531875792193
1014.078,0.9483531875792193
1014.373,0.9483531875792193
1014.668,0.9483531875792193
1014.962,0.9485569570737222
1015.257,0.9485569570737222
1015.551,0.9485569570737222
1015.846,0.9485569570737222
1016.14,0.9487608100433881
1016.434,0.9487608100433881
1016.729,0.9487608100433881
1017.023,0.9487608100433881
1017.317,0.9489647465395237
1017.611,0.9489647465395237
1017.905,0.9491687666134779
1018.199,0.9491687666134779
1018.493,0.9493728703166351
1018.787,0.9493728703166351
1019.081,0.9495770577004303
1019.375,0.9495770577004303
1019.669,0.9497813288163343
1019.962,0.9497813288163343
1020.256,0.94998568371586
1020.55,0.94998568371586
1020.843,0.9501901224505698
1021.137,0.9501901224505698
1021.43,0.9501901224505698
1021.723,0.9503946450720583
1022.017,0.9503946450720583
1022.31,0.9505992516319728
1022.603,0.9505992516319728
1022.896,0.9508039421819927
1023.19,0.9508039421819927
1023.483,0.9510087167738501
1023.776,0.9510087167738501
1024.069,0.9512135754593096
1024.362,0.9512135754593096
1024.654,0.9514185182901856
1024.947,0.9514185182901856
1025.24,0.951623545318337
1025.533,0.951623545318337
1025.825,0.9518286565956523
1026.118,0.9518286565956523
1026.411,0.9520338521740777
1026.703,0.9520338521740777
1026.995,0.9522391321055913
1027.288,0.9522391321055913
1027.58,0.952444496442221
1027.873,0.952444496442221
1028.165,0.9526499452360367
1028.457,0.9526499452360367
1028.749,0.9528554785391452
1029.041,0.9528554785391452
1029.333,0.9530610964037046
1029.625,0.9530610964037046
1029.917,0.9532667988819093
1030.209,0.9532667988819093
1030.501,0.9534725860259967
1030.792,0.9534725860259967
1031.084,0.9536784578882544
1031.376,0.9536784578882544
1031.667,0.9538844145210033
1031.959,0.9538844145210033
1032.251,0.9540904559766169
1032.542,0.9540904559766169
1032.833,0.9542965823075025
1033.125,0.9542965823075025
1033.416,0.9545027935661201
1033.707,0.9545027935661201
1033.998,0.9545027935661201
1034.29,0.9547090898049634
1034.581,0.9547090898049634
1034.872,0.9549154710765787
1035.163,0.9549154710765787
1035.454,0.9551219374335488
1035.744,0.9551219374335488
1036.035,0.9553284889284996
1036.326,0.9553284889284996
1036.617,0.9555351256141079
1036.907,0.9555351256141079
1037.198,0.9557418475430839
1037.489,0.9557418475430839
1037.779,0.9559486547681891
1038.069,0.9559486547681891
1038.36,0.9559486547681891
1038.65,0.9559486547681891
1038.94,0.9559486547681891
1039.231,0.9559486547681891
1039.521,0.9559486547681891
1039.811,0.9559486547681891
1040.101,0.9559486547681891
1040.391,0.9559486547681891
1040.681,0.9559486547681891
1040.971,0.9559486547681891
1041.261,0.9559486547681891
1041.551,0.9559486547681891
1041.841,0.9559486547681891
1042.13,0.9559486547681891
1042.42,0.9559486547681891
1042.709,0.9559486547681891
1042.999,0.9559486547681891
1043.289,0.9559486547681891
1043.578,0.9559486547681891
1043.867,0.9559486547681891
1044.157,0.9559486547681891
1044.446,0.9559486547681891
1044.735,0.9559486547681891
1045.024,0.9559486547681891
1045.314,0.9559486547681891
1045.603,0.9559486547681891
1045.892,0.9559486547681891
1046.181,0.9559486547681891
1046.47,0.9559486547681891
1046.758,0.9559486547681891
1047.047,0.9559486547681891
1047.336,0.9559486547681891
1047.625,0.9559486547681891
1047.913,0.9559486547681891
1048.202,0.9559486547681891
1048.491,0.9559486547681891
1048.779,0.9559486547681891
1049.068,0.9559486547681891
1049.356,0.9559486547681891
1049.644,0.9559486547681891
1049.933,0.9559486547681891
1050.221,0.9559486547681891
1050.509,0.9559486547681891
1050.797,0.9559486547681891
1051.085,0.9559486547681891
1051.373,0.9559486547681891
1051.661,0.9559486547681891
1051.949,0.9559486547681891
1052.237,0.9559486547681891
1052.525,0.9559486547681891
1052.813,0.9559486547681891
1053.1,0.9559486547681891
1053.388,0.9559486547681891
1053.676,0.9559486547681891
1053.963,0.9559486547681891
1054.251,0.9559486547681891
1054.538,0.9559486547681891
1054.826,0.9559486547681891
1055.113,0.9559486547681891
1055.4,0.9559486547681891
1055.687,0.9559486547681891
1055.975,0.9559486547681891
1056.262,0.9559486547681891
1056.549,0.9559486547681891
1056.836,0.9559486547681891
1057.123,0.9559486547681891
1057.41,0.9559486547681891
1057.697,0.9559486547681891
1057.983,0.9559486547681891
1058.27,0.9559486547681891
1058.557,0.9559486547681891
1058.844,0.9559486547681891
1059.13,0.9559486547681891
1059.417,0.9559486547681891
1059.703,0.9559486547681891
1059.99,0.9559486547681891
1060.276,0.9559486547681891
1060.563,0.9559486547681891
1060.849,0.9559486547681891
1061.135,0.9559486547681891
1061.421,0.9559486547681891
1061.707,0.9559486547681891
1061.993,0.9559486547681891
1062.279,0.9559486547681891
1062.565,0.9559486547681891
1062.851,0.9559486547681891
1063.137,0.9559486547681891
1063.423,0.9559486547681891
1063.709,0.9559486547681891
1063.995,0.9559486547681891
1064.28,0.9559486547681891
1064.566,0.9559486547681891
1064.851,0.9559486547681891
1065.137,0.9559486547681891
1065.422,0.9559486547681891
1065.708,0.9559486547681891
1065.993,0.9559486547681891
1066.278,0.9559486547681891
1066.564,0.9559486547681891
1066.849,0.9559486547681891
1067.134,0.9559486547681891
1067.419,0.9559486547681891
1067.704,0.9559486547681891
1067.989,0.9559486547681891
1068.274,0.9559486547681891
1068.559,0.9559486547681891
1068.844,0.9559486547681891
1069.129,0.9559486547681891
1069.413,0.9559486547681891
1069.698,0.9559486547681891
1069.983,0.9559486547681891
1070.267,0.9559486547681891
1070.552,0.9559486547681891
1070.836,0.9559486547681891
1071.12,0.9559486547681891
1071.405,0.9559486547681891
1071.689,0.9559486547681891
1071.973,0.9559486547681891
1072.258,0.9559486547681891
1072.542,0.9561555473422277
1072.826,0.9561555473422277
1073.11,0.9561555473422277
1073.394,0.9563625253180414
1073.678,0.9563625253180414
1073.962,0.9565695887485242
1074.245,0.9565695887485242
1074.529,0.9565695887485242
1074.813,0.956776737686607
1075.097,0.956776737686607
1075.38,0.956776737686607
1075.664,0.9569839721852642
1075.947,0.9569839721852642
1076.231,0.9569839721852642
1076.514,0.9571912922975215
1076.798,0.9571912922975215
1077.081,0.9571912922975215
1077.364,0.9573986980764387
1077.647,0.9573986980764387
1077.93,0.9576061895751289
1078.213,0.9576061895751289
1078.497,0.9576061895751289
1078.78,0.9578137668467396
1079.062,0.9578137668467396
1079.345,0.9578137668467396
1079.628,0.9580214299444695
1079.911,0.9580214299444695
1080.194,0.9580214299444695
1080.476,0.9582291789215612
1080.759,0.9582291789215612
1081.042,0.9582291789215612
1081.324,0.9584370138312966
1081.606,0.9584370138312966
1081.889,0.9584370138312966
1082.171,0.9586449347270043
1082.454,0.9586449347270043
1082.736,0.9588529416620543
1083.018,0.9588529416620543
1083.3,0.9588529416620543
1083.582,0.959061034689868
1083.864,0.959061034689868
1084.146,0.959061034689868
1084.428,0.9592692138639016
1084.71,0.9592692138639016
1084.992,0.9592692138639016
1085.274,0.9594774792376629
1085.555,0.9594774792376629
1085.837,0.9594774792376629
1086.119,0.9596858308647037
1086.4,0.9596858308647037
1086.682,0.9596858308647037
1086.963,0.9598942687986131
1087.245,0.9598942687986131
1087.526,0.9601027930930341
1087.807,0.9601027930930341
1088.089,0.9601027930930341
1088.37,0.9603114038016471
1088.651,0.9603114038016471
1088.932,0.9603114038016471
1089.213,0.9605201009781771
1089.494,0.9605201009781771
1089.775,0.9605201009781771
1090.056,0.9607288846764007
1090.337,0.9607288846764007
1090.617,0.9607288846764007
1090.898,0.9609377549501295
1091.179,0.9609377549501295
1091.459,0.9609377549501295
1091.74,0.9611467118532293
1092.021,0.9611467118532293
1092.301,0.961355755439601
1092.581,0.961355755439601
1092.862,0.961355755439601
1093.142,0.9615648857631975
1093.422,0.9615648857631975
1093.703,0.9615648857631975
1093.983,0.9617741028780166
1094.263,0.9617741028780166
1094.543,0.9617741028780166
1094.823,0.9619834068380957
1095.103,0.9619834068380957
1095.383,0.9619834068380957
1095.662,0.9621927976975199
1095.942,0.9621927976975199
1096.222,0.9621927976975199
1096.502,0.9624022755104166
1096.781,0.9624022755104166
1097.061,0.9624022755104166
1097.34,0.9626118403309631
1097.62,0.9626118403309631
1097.899,0.9628214922133818
1098.179,0.9628214922133818
1098.458,0.9628214922133818
1098.737,0.9630312312119327
1099.016,0.9630312312119327
1099.296,0.9628214922133818
1099.575,0.9628214922133818
1099.854,0.9628214922133818
1100.133,0.9626118403309631
1100.412,0.9626118403309631
1100.69,0.9626118403309631
1100.969,0.9624022755104166
1101.248,0.9624022755104166
1101.527,0.9624022755104166
1101.805,0.9621927976975199
1102.084,0.9621927976975199
1102.363,0.9621927976975199
1102.641,0.9619834068380957
1102.92,0.9619834068380957
1103.198,0.9619834068380957
1103.476,0.9617741028780166
1103.755,0.9617741028780166
1104.033,0.9617741028780166
1104.311,0.9615648857631975
1104.589,0.9615648857631975
1104.867,0.9615648857631975
1105.145,0.961355755439601
1105.423,0.961355755439601
1105.701,0.961355755439601
1105.979,0.9611467118532293
1106.257,0.9611467118532293
1106.535,0.9611467118532293
1106.813,0.9609377549501295
1107.09,0.9609377549501295
1107.368,0.9609377549501295
1107.646,0.9609377549501295
1107.923,0.9607288846764007
1108.201,0.9607288846764007
1108.478,0.9607288846764007
1108.755,0.9605201009781771
1109.033,0.9605201009781771
1109.31,0.9605201009781771
1109.587,0.9603114038016471
1109.864,0.9603114038016471
1110.141,0.9603114038016471
1110.418,0.9601027930930341
1110.695,0.9601027930930341
1110.972,0.9601027930930341
1111.249,0.9598942687986131
1111.526,0.9598942687986131
1111.803,0.9598942687986131
1112.08,0.9596858308647037
1112.356,0.9596858308647037
1112.633,0.9596858308647037
1112.909,0.9594774792376629
1113.186,0.9594774792376629
1113.462,0.9594774792376629
1113.739,0.9592692138639016
1114.015,0.9592692138639016
1114.292,0.9592692138639016
1114.568,0.9592692138639016
1114.844,0.959061034689868
1115.12,0.959061034689868
1115.396,0.959061034689868
1115.672,0.9588529416620543
1115.948,0.9588529416620543
1116.224,0.9588529416620543
1116.5,0.9586449347270043
1116.776,0.9586449347270043
1117.052,0.9586449347270043
1117.327,0.9584370138312966
1117.603,0.9584370138312966
1117.879,0.9584370138312966
1118.154,0.9582291789215612
1118.43,0.9582291789215612
1118.705,0.9582291789215612
1118.981,0.9580214299444695
1119.256,0.9580214299444695
1119.531,0.9580214299444695
1119.807,0.9578137668467396
1120.082,0.9578137668467396
1120.357,0.9578137668467396
1120.632,0.9578137668467396
1120.907,0.9576061895751289
1121.182,0.9576061895751289
1121.457,0.9576061895751289
1121.732,0.9573986980764387
1122.007,0.9573986980764387
1122.282,0.9573986980764387
1122.556,0.9571912922975215
1122.831,0.9571912922975215
1123.106,0.9571912922975215
1123.38,0.9569839721852642
1123.655,0.9569839721852642
1123.929,0.9569839721852642
1124.204,0.956776737686607
1124.478,0.956776737686607
1124.752,0.956776737686607
1125.027,0.9565695887485242
1125.301,0.9565695887485242
1125.575,0.9565695887485242
1125.849,0.9563625253180414
1126.123,0.9563625253180414
1126.397,0.9563625253180414
1126.671,0.9563625253180414
1126.945,0.9561555473422277
1127.219,0.9561555473422277
1127.493,0.9561555473422277
1127.766,0.9559486547681891
1128.04,0.9559486547681891
1128.314,0.9559486547681891
1128.587,0.9559486547681891
1128.861,0.9559486547681891
1129.134,0.9559486547681891
1129.408,0.9559486547681891
1129.681,0.9559486547681891
1129.954,0.9559486547681891
1130.228,0.9559486547681891
1130.501,0.9559486547681891
1130.774,0.9559486547681891
1131.047,0.9559486547681891
1131.32,0.9559486547681891
1131.593,0.9559486547681891
1131.866,0.9559486547681891
1132.139,0.9559486547681891
1132.412,0.9559486547681891
1132.685,0.9559486547681891
1132.957,0.9559486547681891
1133.23,0.9559486547681891
1133.503,0.9559486547681891
1133.775,0.9559486547681891
1134.048,0.9559486547681891
1134.32,0.9559486547681891
1134.593,0.9559486547681891
1134.865,0.9559486547681891
1135.137,0.9559486547681891
1135.41,0.9559486547681891
1135.682,0.9559486547681891
1135.954,0.9559486547681891
1136.226,0.9559486547681891
1136.498,0.9559486547681891
1136.77,0.9559486547681891
1137.042,0.9559486547681891
1137.314,0.9559486547681891
1137.586,0.9559486547681891
1137.858,0.9559486547681891
1138.129,0.9559486547681891
1138.401,0.9559486547681891
1138.673,0.9559486547681891
1138.944,0.9559486547681891
1139.216,0.9559486547681891
1139.487,0.9559486547681891
1139.759,0.9559486547681891
1140.03,0.9559486547681891
1140.301,0.9559486547681891
1140.573,0.9559486547681891
1140.844,0.9559486547681891
1141.115,0.9559486547681891
1141.386,0.9559486547681891
1141.657,0.9559486547681891
1141.928,0.9559486547681891
1142.199,0.9559486547681891
1142.47,0.9559486547681891
1142.741,0.9559486547681891
1143.012,0.9559486547681891
1143.282,0.9559486547681891
1143.553,0.9559486547681891
1143.824,0.9559486547681891
1144.094,0.9559486547681891
1144.365,0.9559486547681891
1144.635,0.9559486547681891
1144.906,0.9559486547681891
1145.176,0.9559486547681891
1145.446,0.9559486547681891
1145.717,0.9559486547681891
1145.987,0.9559486547681891
1146.257,0.9559486547681891
1146.527,0.9559486547681891
1146.797,0.9559486547681891
1147.067,0.9559486547681891
1147.337,0.9559486547681891
1147.607,0.9559486547681891
1147.877,0.9559486547681891
1148.147,0.9559486547681891
1148.417,0.9559486547681891
1148.686,0.9559486547681891
1148.956,0.9559486547681891
1149.225,0.9559486547681891
1149.495,0.9559486547681891
1149.764,0.9559486547681891
1150.034,0.9559486547681891
1150.303,0.9559486547681891
1150.573,0.9559486547681891
1150.842,0.9559486547681891
1151.111,0.9559486547681891
1151.38,0.9559486547681891
1151.649,0.9559486547681891
1151.918,0.9559486547681891
1152.187,0.9559486547681891
1152.456,0.9559486547681891
1152.725,0.9559486547681891
1152.994,0.9559486547681891
1153.263,0.9559486547681891
1153.532,0.9559486547681891
1153.8,0.9559486547681891
1154.069,0.9559486547681891
1154.338,0.9559486547681891
1154.606,0.9559486547681891
1154.875,0.9559486547681891
1155.143,0.9559486547681891
1155.411,0.9559486547681891
1155.68,0.9559486547681891
1155.948,0.9559486547681891
1156.216,0.9559486547681891
1156.484,0.9559486547681891
1156.752,0.9559486547681891
1157.021,0.9559486547681891
1157.289,0.9559486547681891
1157.556,0.9559486547681891
1157.824,0.9559486547681891
1158.092,0.9559486547681891
1158.36,0.9559486547681891
1158.628,0.9559486547681891
1158.895,0.9559486547681891
1159.163,0.9559486547681891
1159.431,0.9559486547681891
1159.698,0.9559486547681891
1159.966,0.9559486547681891
1160.233,0.9559486547681891
1160.501,0.9559486547681891
1160.768,0.9559486547681891
1161.035,0.9559486547681891
1161.302,0.9559486547681891
1161.57,0.9559486547681891
1161.837,0.9559486547681891
1162.104,0.9559486547681891
1162.371,0.9559486547681891
1162.638,0.9559486547681891
1162.905,0.9559486547681891
1163.171,0.9559486547681891
1163.438,0.9559486547681891
1163.705,0.9559486547681891
1163.972,0.9559486547681891
1164.238,0.9559486547681891
1164.505,0.9559486547681891
1164.771,0.9559486547681891
1165.038,0.9559486547681891
1165.304,0.9559486547681891
1165.571,0.9559486547681891
1165.837,0.9559486547681891
1166.103,0.9559486547681891
1166.37,0.9559486547681891
1166.636,0.9559486547681891
1166.902,0.9559486547681891
1167.168,0.9559486547681891
1167.434,0.9559486547681891
1167.7,0.9559486547681891
1167.966,0.9559486547681891
1168.232,0.9559486547681891
1168.497,0.9559486547681891
1168.763,0.9559486547681891
1169.029,0.9559486547681891
1169.294,0.9559486547681891
1169.56,0.9559486547681891
1169.826,0.9559486547681891
1170.091,0.9559486547681891
1170.357,0.9559486547681891
1170.622,0.9559486547681891
1170.887,0.9559486547681891
1171.153,0.9559486547681891
1171.418,0.9559486547681891
1171.683,0.9557418475430839
1171.948,0.9557418475430839
